clarinet,67,0.14150849999999998,,128,116
clarinet,67,0.28301699999999996,,256,116
clarinet,67,0.42452549999999994,,384,116
clarinet,63,0.5660339999999999,,512,768
clarinet,65,3.7049220000000003,,1408,116
clarinet,65,3.8438100000000004,,1536,116
clarinet,65,3.982698,,1664,116
clarinet,62,4.121586000000001,,1792,1280
clarinet,55,14.065188000000001,,9344,116
clarinet,59,14.065188000000001,,9344,116
clarinet,59,14.215188000000001,,9472,116
clarinet,62,14.215188000000001,,9472,116
clarinet,62,14.365188,,9600,116
clarinet,67,14.365188,,9600,116
clarinet,63,14.515188,,9728,231
clarinet,67,14.515188,,9728,231
clarinet,60,15.181852000000001,,10240,231
clarinet,66,15.181852000000001,,10240,231
clarinet,59,15.961072000000001,,10752,231
clarinet,62,15.961072000000001,,10752,231
clarinet,68,17.3688845,,11520,116
clarinet,68,17.518884500000002,,11648,116
clarinet,68,17.6688845,,11776,116
clarinet,65,17.818884500000003,,11904,1280
clarinet,74,23.721636500000002,,16896,116
clarinet,74,23.860524500000004,,17024,116
clarinet,74,23.999412500000005,,17152,116
clarinet,72,24.138300500000003,,17280,231
clarinet,65,26.916060500000004,,19840,231
clarinet,68,26.916060500000004,,19840,231
clarinet,64,27.471612500000003,,20352,231
clarinet,67,27.471612500000003,,20352,231
clarinet,65,28.027164500000005,,20864,231
clarinet,68,28.027164500000005,,20864,231
clarinet,67,28.582716500000004,,21376,231
clarinet,70,28.582716500000004,,21376,231
clarinet,65,29.138268500000002,,21888,231
clarinet,68,29.138268500000002,,21888,231
clarinet,62,29.693820500000005,,22400,231
clarinet,65,29.693820500000005,,22400,231
clarinet,63,30.249372500000003,,22912,1997
clarinet,67,30.249372500000003,,22912,1997
clarinet,62,32.4715805,,24960,1767
clarinet,65,32.4715805,,24960,1767
clarinet,60,34.41601250000001,,26752,231
clarinet,63,34.41601250000001,,26752,231
clarinet,66,34.693788500000004,,27008,1997
clarinet,75,34.693788500000004,,27008,1997
clarinet,66,36.915996500000006,,29056,231
clarinet,75,36.915996500000006,,29056,231
clarinet,70,38.0271005,,30080,231
clarinet,70,43.28852450000001,,34688,261
clarinet,75,43.58264150000001,,34944,261
clarinet,74,43.87675850000001,,35200,261
clarinet,75,44.17087550000001,,35456,261
clarinet,77,44.46499250000001,,35712,261
clarinet,72,44.75910950000001,,35968,243
clarinet,72,45.05322650000001,,36224,261
clarinet,70,45.34734350000001,,36480,243
clarinet,72,52.70026850000001,,42880,1485
clarinet,75,52.70026850000001,,42880,1485
clarinet,70,54.46497050000001,,44416,973
clarinet,75,54.46497050000001,,44416,973
clarinet,69,55.64143850000001,,45440,2279
clarinet,75,55.64143850000001,,45440,2279
clarinet,69,58.288491500000006,,47744,231
clarinet,75,58.288491500000006,,47744,231
clarinet,69,58.582608500000006,,48000,231
clarinet,75,58.582608500000006,,48000,231
clarinet,69,58.876725500000006,,48256,231
clarinet,75,58.876725500000006,,48256,231
clarinet,68,59.170842500000006,,48512,743
clarinet,70,59.170842500000006,,48512,743
clarinet,65,60.053193500000006,,49280,231
clarinet,70,60.053193500000006,,49280,231
clarinet,67,60.347310500000006,,49536,231
clarinet,70,60.347310500000006,,49536,231
clarinet,68,60.935544500000006,,50048,231
clarinet,70,60.935544500000006,,50048,231
clarinet,67,61.523778500000006,,50560,231
clarinet,70,61.523778500000006,,50560,231
clarinet,65,62.112012500000006,,51072,231
clarinet,72,62.112012500000006,,51072,231
clarinet,67,62.700246500000006,,51584,231
clarinet,70,62.700246500000006,,51584,231
clarinet,65,63.288480500000006,,52096,116
clarinet,70,63.288480500000006,,52096,116
clarinet,69,63.435539000000006,,52224,130
clarinet,81,63.435539000000006,,52224,130
clarinet,70,63.582597500000006,,52352,130
clarinet,82,63.582597500000006,,52352,130
clarinet,69,63.729656000000006,,52480,130
clarinet,81,63.729656000000006,,52480,130
clarinet,70,63.876714500000006,,52608,130
clarinet,82,63.876714500000006,,52608,130
clarinet,69,64.023773,,52736,130
clarinet,81,64.023773,,52736,130
clarinet,70,64.1708315,,52864,130
clarinet,82,64.1708315,,52864,130
clarinet,69,64.31789,,52992,121
clarinet,81,64.31789,,52992,121
clarinet,70,64.4649485,,53120,58
clarinet,82,64.4649485,,53120,58
clarinet,72,64.612007,,53248,58
clarinet,84,64.612007,,53248,58
clarinet,70,64.7590655,,53376,58
clarinet,82,64.7590655,,53376,58
clarinet,68,64.906124,,53504,58
clarinet,80,64.906124,,53504,58
clarinet,67,65.0531825,,53632,231
clarinet,79,65.0531825,,53632,231
clarinet,67,65.3472995,,53888,231
clarinet,79,65.3472995,,53888,231
clarinet,65,65.9355335,,54400,231
clarinet,74,65.9355335,,54400,231
clarinet,67,66.5237675,,54912,231
clarinet,75,66.5237675,,54912,231
clarinet,65,67.11200150000002,,55424,231
clarinet,68,67.11200150000002,,55424,231
clarinet,63,67.70023550000002,,55936,231
clarinet,67,67.70023550000002,,55936,231
clarinet,65,68.28846950000002,,56448,231
clarinet,74,68.28846950000002,,56448,231
clarinet,67,68.58258650000002,,56704,116
clarinet,75,68.58258650000002,,56704,116
clarinet,79,68.729645,,56832,116
clarinet,79,68.87670350000002,,56960,116
clarinet,79,69.023762,,57088,116
clarinet,75,69.17082050000002,,57216,116
clarinet,70,69.317879,,57344,116
clarinet,82,69.317879,,57344,116
clarinet,70,69.46493750000002,,57472,116
clarinet,82,69.46493750000002,,57472,116
clarinet,70,69.611996,,57600,116
clarinet,82,69.611996,,57600,116
clarinet,67,69.75905450000002,,57728,116
clarinet,79,69.75905450000002,,57728,116
clarinet,63,69.906113,,57856,116
clarinet,75,69.906113,,57856,116
clarinet,63,70.05317150000002,,57984,116
clarinet,75,70.05317150000002,,57984,116
clarinet,63,70.20023,,58112,116
clarinet,75,70.20023,,58112,116
clarinet,58,70.34728850000002,,58240,628
clarinet,70,70.34728850000002,,58240,628
clarinet,79,71.082581,,58880,116
clarinet,79,71.22963950000002,,59008,116
clarinet,79,71.376698,,59136,116
clarinet,75,71.52375650000002,,59264,116
clarinet,70,71.670815,,59392,116
clarinet,82,71.670815,,59392,116
clarinet,70,71.81787350000002,,59520,116
clarinet,82,71.81787350000002,,59520,116
clarinet,70,71.964932,,59648,116
clarinet,82,71.964932,,59648,116
clarinet,67,72.11199050000002,,59776,116
clarinet,79,72.11199050000002,,59776,116
clarinet,63,72.259049,,59904,116
clarinet,75,72.259049,,59904,116
clarinet,63,72.40610750000002,,60032,116
clarinet,75,72.40610750000002,,60032,116
clarinet,63,72.553166,,60160,116
clarinet,75,72.553166,,60160,116
clarinet,58,72.70022450000002,,60288,743
clarinet,70,72.70022450000002,,60288,743
clarinet,65,74.023751,,61440,116
clarinet,74,74.023751,,61440,116
clarinet,65,74.1652595,,61568,116
clarinet,74,74.1652595,,61568,116
clarinet,65,74.306768,,61696,116
clarinet,74,74.306768,,61696,116
clarinet,67,74.4482765,,61824,231
clarinet,75,74.4482765,,61824,231
clarinet,74,75.15581900000001,,62464,116
clarinet,77,75.15581900000001,,62464,116
clarinet,74,75.30004950000001,,62592,116
clarinet,77,75.30004950000001,,62592,116
clarinet,74,75.44428,,62720,116
clarinet,77,75.44428,,62720,116
clarinet,67,75.58851050000001,,62848,231
clarinet,75,75.58851050000001,,62848,231
clarinet,67,77.46078500000002,,64512,116
clarinet,67,77.60229350000002,,64640,116
clarinet,67,77.74380200000002,,64768,116
clarinet,63,77.88531050000002,,64896,768
clarinet,65,81.02419850000001,,65792,116
clarinet,65,81.16308650000002,,65920,116
clarinet,65,81.30197450000001,,66048,116
clarinet,62,81.44086250000002,,66176,1280
clarinet,55,91.38446450000002,,73728,116
clarinet,59,91.38446450000002,,73728,116
clarinet,59,91.53446450000001,,73856,116
clarinet,62,91.53446450000001,,73856,116
clarinet,62,91.68446450000002,,73984,116
clarinet,67,91.68446450000002,,73984,116
clarinet,63,91.83446450000001,,74112,231
clarinet,67,91.83446450000001,,74112,231
clarinet,60,92.50112850000001,,74624,231
clarinet,66,92.50112850000001,,74624,231
clarinet,59,93.2803485,,75136,231
clarinet,62,93.2803485,,75136,231
clarinet,68,94.68816100000001,,75904,116
clarinet,68,94.838161,,76032,116
clarinet,68,94.988161,,76160,116
clarinet,65,95.138161,,76288,1280
clarinet,74,101.040913,,81280,116
clarinet,74,101.179801,,81408,116
clarinet,74,101.31868899999999,,81536,116
clarinet,72,101.457577,,81664,231
clarinet,65,104.235337,,84224,231
clarinet,68,104.235337,,84224,231
clarinet,64,104.79088899999999,,84736,231
clarinet,67,104.79088899999999,,84736,231
clarinet,65,105.346441,,85248,231
clarinet,68,105.346441,,85248,231
clarinet,67,105.901993,,85760,231
clarinet,70,105.901993,,85760,231
clarinet,65,106.457545,,86272,231
clarinet,68,106.457545,,86272,231
clarinet,62,107.013097,,86784,231
clarinet,65,107.013097,,86784,231
clarinet,63,107.568649,,87296,1997
clarinet,67,107.568649,,87296,1997
clarinet,62,109.790857,,89344,1767
clarinet,65,109.790857,,89344,1767
clarinet,60,111.735289,,91136,231
clarinet,63,111.735289,,91136,231
clarinet,66,112.013065,,91392,1997
clarinet,75,112.013065,,91392,1997
clarinet,66,114.235273,,93440,231
clarinet,75,114.235273,,93440,231
clarinet,70,115.34637699999999,,94464,231
clarinet,70,120.607801,,99072,261
clarinet,75,120.901918,,99328,261
clarinet,74,121.196035,,99584,261
clarinet,75,121.490152,,99840,261
clarinet,77,121.784269,,100096,261
clarinet,72,122.078386,,100352,243
clarinet,72,122.372503,,100608,261
clarinet,70,122.66662,,100864,243
clarinet,72,130.019545,,107264,1485
clarinet,75,130.019545,,107264,1485
clarinet,70,131.784247,,108800,973
clarinet,75,131.784247,,108800,973
clarinet,69,132.960715,,109824,2279
clarinet,75,132.960715,,109824,2279
clarinet,69,135.607768,,112128,231
clarinet,75,135.607768,,112128,231
clarinet,69,135.901885,,112384,231
clarinet,75,135.901885,,112384,231
clarinet,69,136.196002,,112640,231
clarinet,75,136.196002,,112640,231
clarinet,68,136.490119,,112896,743
clarinet,70,136.490119,,112896,743
clarinet,65,137.37247,,113664,231
clarinet,70,137.37247,,113664,231
clarinet,67,137.666587,,113920,231
clarinet,70,137.666587,,113920,231
clarinet,68,138.254821,,114432,231
clarinet,70,138.254821,,114432,231
clarinet,67,138.843055,,114944,231
clarinet,70,138.843055,,114944,231
clarinet,65,139.431289,,115456,231
clarinet,72,139.431289,,115456,231
clarinet,67,140.019523,,115968,231
clarinet,70,140.019523,,115968,231
clarinet,65,140.607757,,116480,116
clarinet,70,140.607757,,116480,116
clarinet,69,140.7548155,,116608,130
clarinet,81,140.7548155,,116608,130
clarinet,70,140.901874,,116736,130
clarinet,82,140.901874,,116736,130
clarinet,69,141.0489325,,116864,130
clarinet,81,141.0489325,,116864,130
clarinet,70,141.195991,,116992,130
clarinet,82,141.195991,,116992,130
clarinet,69,141.3430495,,117120,130
clarinet,81,141.3430495,,117120,130
clarinet,70,141.490108,,117248,130
clarinet,82,141.490108,,117248,130
clarinet,69,141.6371665,,117376,121
clarinet,81,141.6371665,,117376,121
clarinet,70,141.784225,,117504,58
clarinet,82,141.784225,,117504,58
clarinet,72,141.9312835,,117632,58
clarinet,84,141.9312835,,117632,58
clarinet,70,142.078342,,117760,58
clarinet,82,142.078342,,117760,58
clarinet,68,142.2254005,,117888,58
clarinet,80,142.2254005,,117888,58
clarinet,67,142.372459,,118016,231
clarinet,79,142.372459,,118016,231
clarinet,67,142.666576,,118272,231
clarinet,79,142.666576,,118272,231
clarinet,65,143.25481,,118784,231
clarinet,74,143.25481,,118784,231
clarinet,67,143.843044,,119296,231
clarinet,75,143.843044,,119296,231
clarinet,65,144.431278,,119808,231
clarinet,68,144.431278,,119808,231
clarinet,63,145.019512,,120320,231
clarinet,67,145.019512,,120320,231
clarinet,65,145.607746,,120832,231
clarinet,74,145.607746,,120832,231
clarinet,67,145.901863,,121088,116
clarinet,75,145.901863,,121088,116
clarinet,79,146.0489215,,121216,116
clarinet,79,146.19598,,121344,116
clarinet,79,146.3430385,,121472,116
clarinet,75,146.490097,,121600,116
clarinet,70,146.6371555,,121728,116
clarinet,82,146.6371555,,121728,116
clarinet,70,146.784214,,121856,116
clarinet,82,146.784214,,121856,116
clarinet,70,146.9312725,,121984,116
clarinet,82,146.9312725,,121984,116
clarinet,67,147.078331,,122112,116
clarinet,79,147.078331,,122112,116
clarinet,63,147.2253895,,122240,116
clarinet,75,147.2253895,,122240,116
clarinet,63,147.372448,,122368,116
clarinet,75,147.372448,,122368,116
clarinet,63,147.5195065,,122496,116
clarinet,75,147.5195065,,122496,116
clarinet,58,147.666565,,122624,628
clarinet,70,147.666565,,122624,628
clarinet,79,148.4018575,,123264,116
clarinet,79,148.548916,,123392,116
clarinet,79,148.6959745,,123520,116
clarinet,75,148.843033,,123648,116
clarinet,70,148.9900915,,123776,116
clarinet,82,148.9900915,,123776,116
clarinet,70,149.13715,,123904,116
clarinet,82,149.13715,,123904,116
clarinet,70,149.2842085,,124032,116
clarinet,82,149.2842085,,124032,116
clarinet,67,149.431267,,124160,116
clarinet,79,149.431267,,124160,116
clarinet,63,149.5783255,,124288,116
clarinet,75,149.5783255,,124288,116
clarinet,63,149.725384,,124416,116
clarinet,75,149.725384,,124416,116
clarinet,63,149.8724425,,124544,116
clarinet,75,149.8724425,,124544,116
clarinet,58,150.019501,,124672,743
clarinet,70,150.019501,,124672,743
clarinet,65,151.3430275,,125824,116
clarinet,74,151.3430275,,125824,116
clarinet,65,151.484536,,125952,116
clarinet,74,151.484536,,125952,116
clarinet,65,151.6260445,,126080,116
clarinet,74,151.6260445,,126080,116
clarinet,67,151.767553,,126208,231
clarinet,75,151.767553,,126208,231
clarinet,74,152.4750955,,126848,116
clarinet,77,152.4750955,,126848,116
clarinet,74,152.619326,,126976,116
clarinet,77,152.619326,,126976,116
clarinet,74,152.76355650000002,,127104,116
clarinet,77,152.76355650000002,,127104,116
clarinet,67,152.907787,,127232,231
clarinet,75,152.907787,,127232,231
clarinet,70,154.7814095,,128896,116
clarinet,70,154.924266,,129024,116
clarinet,70,155.0671225,,129152,116
clarinet,67,155.209979,,129280,1792
clarinet,73,157.949743,,131712,116
clarinet,73,158.089929,,131840,116
clarinet,73,158.230115,,131968,116
clarinet,72,158.370301,,132096,1652
clarinet,73,160.192719,,133760,116
clarinet,73,160.332905,,133888,116
clarinet,73,160.473091,,134016,116
clarinet,72,160.613277,,134144,1485
clarinet,68,162.295509,,135680,522
clarinet,72,162.295509,,135680,2582
clarinet,67,162.856253,,136192,522
clarinet,68,163.416997,,136704,522
clarinet,67,163.977741,,137216,522
clarinet,68,164.538485,,137728,243
clarinet,72,166.781461,,139776,522
clarinet,75,166.781461,,139776,522
clarinet,71,167.342205,,140288,522
clarinet,74,167.342205,,140288,522
clarinet,72,167.902949,,140800,522
clarinet,75,167.902949,,140800,522
clarinet,71,168.463693,,141312,522
clarinet,74,168.463693,,141312,522
clarinet,72,169.024437,,141824,243
clarinet,75,169.024437,,141824,243
clarinet,66,170.846855,,143488,116
clarinet,74,170.846855,,143488,116
clarinet,66,170.987041,,143616,116
clarinet,74,170.987041,,143616,116
clarinet,69,171.127227,,143744,116
clarinet,72,171.127227,,143744,116
clarinet,67,171.267413,,143872,461
clarinet,70,171.267413,,143872,461
clarinet,66,171.828157,,144384,116
clarinet,69,171.828157,,144384,116
clarinet,66,171.968343,,144512,116
clarinet,74,171.968343,,144512,116
clarinet,66,172.108529,,144640,116
clarinet,74,172.108529,,144640,116
clarinet,69,172.248715,,144768,116
clarinet,72,172.248715,,144768,116
clarinet,67,172.388901,,144896,461
clarinet,70,172.388901,,144896,461
clarinet,66,172.949645,,145408,461
clarinet,69,172.949645,,145408,461
clarinet,67,173.510389,,145920,628
clarinet,70,173.510389,,145920,628
clarinet,67,174.211319,,146560,116
clarinet,69,174.351505,,146688,116
clarinet,70,174.491691,,146816,116
clarinet,66,174.631877,,146944,231
clarinet,72,174.631877,,146944,231
clarinet,66,175.332807,,147584,116
clarinet,69,175.472993,,147712,116
clarinet,70,175.613179,,147840,116
clarinet,66,175.753365,,147968,231
clarinet,72,175.753365,,147968,231
clarinet,69,176.454295,,148608,116
clarinet,70,176.594481,,148736,116
clarinet,72,176.734667,,148864,116
clarinet,67,176.874853,,148992,231
clarinet,74,176.874853,,148992,231
clarinet,67,177.575783,,149632,116
clarinet,70,177.715969,,149760,116
clarinet,72,177.856155,,149888,116
clarinet,67,177.996341,,150016,231
clarinet,74,177.996341,,150016,231
clarinet,67,178.697271,,150656,116
clarinet,70,178.697271,,150656,116
clarinet,69,178.83745700000003,,150784,116
clarinet,72,178.83745700000003,,150784,116
clarinet,70,178.977643,,150912,116
clarinet,74,178.977643,,150912,116
clarinet,66,179.11782900000003,,151040,973
clarinet,69,179.11782900000003,,151040,973
clarinet,66,180.23931700000003,,152064,231
clarinet,69,180.23931700000003,,152064,231
clarinet,67,180.940247,,152704,116
clarinet,70,180.940247,,152704,116
clarinet,67,181.08043300000003,,152832,116
clarinet,70,181.08043300000003,,152832,116
clarinet,67,181.220619,,152960,116
clarinet,70,181.220619,,152960,116
clarinet,67,181.36080500000003,,153088,973
clarinet,70,181.36080500000003,,153088,973
clarinet,67,182.48229300000003,,154112,231
clarinet,70,182.48229300000003,,154112,231
clarinet,67,183.183223,,154752,116
clarinet,70,183.183223,,154752,116
clarinet,67,183.32340900000003,,154880,116
clarinet,70,183.32340900000003,,154880,116
clarinet,67,183.463595,,155008,116
clarinet,70,183.463595,,155008,116
clarinet,67,183.60378100000003,,155136,231
clarinet,70,183.60378100000003,,155136,231
clarinet,67,184.44489700000003,,155904,116
clarinet,70,184.44489700000003,,155904,116
clarinet,67,184.58508300000003,,156032,116
clarinet,70,184.58508300000003,,156032,116
clarinet,67,184.72526900000003,,156160,231
clarinet,70,184.72526900000003,,156160,231
clarinet,62,185.00564100000003,,156416,116
clarinet,69,185.00564100000003,,156416,116
clarinet,62,185.14582700000003,,156544,116
clarinet,69,185.14582700000003,,156544,116
clarinet,62,185.28601300000003,,156672,231
clarinet,69,185.28601300000003,,156672,231
clarinet,72,188.37010500000002,,159488,116
clarinet,72,188.51029100000002,,159616,116
clarinet,72,188.65047700000002,,159744,231
clarinet,66,189.49159300000002,,160512,116
clarinet,69,189.49159300000002,,160512,116
clarinet,66,189.63177900000002,,160640,116
clarinet,69,189.63177900000002,,160640,116
clarinet,67,189.77196500000002,,160768,231
clarinet,71,189.77196500000002,,160768,231
clarinet,71,192.85605700000002,,163584,116
clarinet,71,192.99624300000002,,163712,116
clarinet,71,193.13642900000002,,163840,231
clarinet,71,193.97754500000002,,164608,116
clarinet,74,193.97754500000002,,164608,116
clarinet,71,194.11773100000002,,164736,116
clarinet,74,194.11773100000002,,164736,116
clarinet,72,194.25791700000002,,164864,116
clarinet,76,194.25791700000002,,164864,116
clarinet,72,194.39810300000002,,164992,116
clarinet,84,194.39810300000002,,164992,116
clarinet,72,194.53828900000002,,165120,116
clarinet,84,194.53828900000002,,165120,116
clarinet,72,194.67847500000002,,165248,116
clarinet,84,194.67847500000002,,165248,116
clarinet,65,194.81866100000002,,165376,522
clarinet,77,194.81866100000002,,165376,522
clarinet,67,195.37940500000002,,165888,486
clarinet,79,195.37940500000002,,165888,486
clarinet,65,197.06163700000002,,167424,522
clarinet,77,197.06163700000002,,167424,522
clarinet,67,197.62238100000002,,167936,486
clarinet,79,197.62238100000002,,167936,486
clarinet,68,199.30461300000002,,169472,522
clarinet,72,199.30461300000002,,169472,522
clarinet,66,199.86535700000002,,169984,486
clarinet,73,199.86535700000002,,169984,486
clarinet,69,201.54758900000002,,171520,522
clarinet,75,201.54758900000002,,171520,522
clarinet,70,202.10833300000002,,172032,486
clarinet,73,202.10833300000002,,172032,486
clarinet,71,203.22982100000002,,173056,461
clarinet,68,204.35130900000001,,174080,461
clarinet,73,204.35130900000001,,174080,461
clarinet,69,205.472797,,175104,461
clarinet,73,205.472797,,175104,461
clarinet,69,206.594285,,176128,461
clarinet,73,206.594285,,176128,461
clarinet,69,207.715773,,177152,461
clarinet,73,207.715773,,177152,461
clarinet,69,208.837261,,178176,461
clarinet,74,208.837261,,178176,461
clarinet,69,209.958749,,179200,461
clarinet,74,209.958749,,179200,461
clarinet,69,211.080237,,180224,461
clarinet,74,211.080237,,180224,461
clarinet,69,212.201725,,181248,461
clarinet,74,212.201725,,181248,461
clarinet,74,212.902655,,181888,116
clarinet,74,213.042841,,182016,116
clarinet,74,213.183027,,182144,116
clarinet,71,213.323213,,182272,461
clarinet,72,213.883957,,182784,461
clarinet,69,214.444701,,183296,973
clarinet,68,215.566189,,184320,461
clarinet,74,215.566189,,184320,461
clarinet,68,216.687677,,185344,461
clarinet,74,216.687677,,185344,461
clarinet,68,217.809165,,186368,461
clarinet,74,217.809165,,186368,461
clarinet,68,218.930653,,187392,461
clarinet,74,218.930653,,187392,461
clarinet,68,220.192327,,188544,116
clarinet,80,220.192327,,188544,116
clarinet,68,220.332513,,188672,116
clarinet,80,220.332513,,188672,116
clarinet,68,220.472699,,188800,116
clarinet,80,220.472699,,188800,116
clarinet,65,220.612885,,188928,628
clarinet,77,220.612885,,188928,628
clarinet,68,221.31381500000003,,189568,116
clarinet,80,221.31381500000003,,189568,116
clarinet,68,221.454001,,189696,116
clarinet,80,221.454001,,189696,116
clarinet,68,221.59418700000003,,189824,116
clarinet,80,221.59418700000003,,189824,116
clarinet,65,221.734373,,189952,628
clarinet,77,221.734373,,189952,628
clarinet,68,222.43530300000003,,190592,116
clarinet,80,222.43530300000003,,190592,116
clarinet,68,222.575489,,190720,116
clarinet,80,222.575489,,190720,116
clarinet,68,222.71567500000003,,190848,116
clarinet,80,222.71567500000003,,190848,116
clarinet,65,222.855861,,190976,116
clarinet,77,222.855861,,190976,116
clarinet,68,222.99604700000003,,191104,116
clarinet,80,222.99604700000003,,191104,116
clarinet,68,223.14027750000002,,191232,116
clarinet,80,223.14027750000002,,191232,116
clarinet,68,223.28450800000005,,191360,116
clarinet,80,223.28450800000005,,191360,116
clarinet,65,223.42873850000004,,191488,116
clarinet,77,223.42873850000004,,191488,116
clarinet,68,223.57296900000003,,191616,116
clarinet,80,223.57296900000003,,191616,116
clarinet,68,223.72681450000002,,191744,116
clarinet,80,223.72681450000002,,191744,116
clarinet,68,223.88066000000003,,191872,116
clarinet,80,223.88066000000003,,191872,116
clarinet,65,224.03450550000002,,192000,116
clarinet,77,224.03450550000002,,192000,116
clarinet,67,224.18835100000004,,192128,116
clarinet,79,224.18835100000004,,192128,116
clarinet,67,224.35501700000003,,192256,116
clarinet,79,224.35501700000003,,192256,116
clarinet,67,224.52168300000005,,192384,116
clarinet,79,224.52168300000005,,192384,116
clarinet,63,224.68834900000004,,192512,768
clarinet,75,224.68834900000004,,192512,768
clarinet,65,226.68834900000004,,193408,116
clarinet,77,226.68834900000004,,193408,116
clarinet,65,226.88834900000006,,193536,116
clarinet,77,226.88834900000006,,193536,116
clarinet,65,227.08834900000005,,193664,116
clarinet,77,227.08834900000005,,193664,116
clarinet,62,227.28834900000007,,193792,1280
clarinet,74,227.28834900000007,,193792,1280
clarinet,63,231.79809450000005,,196608,973
clarinet,67,231.79809450000005,,196608,973
clarinet,62,232.96881850000005,,197632,231
clarinet,67,232.96881850000005,,197632,231
clarinet,62,234.13954250000003,,198656,973
clarinet,67,234.13954250000003,,198656,973
clarinet,63,235.31026650000004,,199680,231
clarinet,67,235.31026650000004,,199680,231
clarinet,60,238.29731178125004,,202240,461
clarinet,66,238.29731178125004,,202240,461
clarinet,59,239.00348721484377,,202752,231
clarinet,67,239.00348721484377,,202752,231
clarinet,71,251.24634427734378,,208640,973
clarinet,72,252.4463442773438,,209664,231
clarinet,65,255.4463442773438,,212224,231
clarinet,68,255.4463442773438,,212224,231
clarinet,64,256.0463442773438,,212736,231
clarinet,67,256.0463442773438,,212736,231
clarinet,65,256.6463442773438,,213248,231
clarinet,68,256.6463442773438,,213248,231
clarinet,67,257.2463442773438,,213760,231
clarinet,70,257.2463442773438,,213760,231
clarinet,65,257.8463442773438,,214272,231
clarinet,68,257.8463442773438,,214272,231
clarinet,62,258.44634427734377,,214784,231
clarinet,65,258.44634427734377,,214784,231
clarinet,63,259.0463442773438,,215296,1997
clarinet,67,259.0463442773438,,215296,1997
clarinet,62,261.44634427734377,,217344,1767
clarinet,65,261.44634427734377,,217344,1767
clarinet,60,263.5463442773438,,219136,231
clarinet,63,263.5463442773438,,219136,231
clarinet,66,263.8463442773438,,219392,1997
clarinet,75,263.8463442773438,,219392,1997
clarinet,69,266.2463442773438,,221440,231
clarinet,75,266.2463442773438,,221440,231
clarinet,71,267.44634427734377,,222464,231
clarinet,74,267.44634427734377,,222464,231
clarinet,70,281.2463442773438,,234240,261
clarinet,72,281.5463442773438,,234496,261
clarinet,70,281.8463442773438,,234752,261
clarinet,69,282.1463442773438,,235008,243
clarinet,72,283.6463442773438,,236288,261
clarinet,74,283.94634427734377,,236544,261
clarinet,72,284.2463442773438,,236800,261
clarinet,71,284.5463442773438,,237056,243
clarinet,68,287.8463442773438,,239872,261
clarinet,80,287.8463442773438,,239872,261
clarinet,67,288.1463442773438,,240128,261
clarinet,79,288.1463442773438,,240128,261
clarinet,65,288.44634427734377,,240384,261
clarinet,77,288.44634427734377,,240384,261
clarinet,67,288.7463442773438,,240640,243
clarinet,79,288.7463442773438,,240640,243
clarinet,68,289.0463442773438,,240896,261
clarinet,80,289.0463442773438,,240896,261
clarinet,67,289.3463442773438,,241152,261
clarinet,79,289.3463442773438,,241152,261
clarinet,66,289.6463442773438,,241408,261
clarinet,78,289.6463442773438,,241408,261
clarinet,67,289.94634427734377,,241664,243
clarinet,79,289.94634427734377,,241664,243
clarinet,69,290.2463442773438,,241920,261
clarinet,81,290.2463442773438,,241920,261
clarinet,67,290.5463442773438,,242176,261
clarinet,79,290.5463442773438,,242176,261
clarinet,66,290.8463442773438,,242432,261
clarinet,78,290.8463442773438,,242432,261
clarinet,67,291.1463442773438,,242688,243
clarinet,79,291.1463442773438,,242688,243
clarinet,69,291.44634427734377,,242944,261
clarinet,81,291.44634427734377,,242944,261
clarinet,67,291.7463442773438,,243200,261
clarinet,79,291.7463442773438,,243200,261
clarinet,66,292.0463442773438,,243456,261
clarinet,78,292.0463442773438,,243456,261
clarinet,67,292.3463442773438,,243712,261
clarinet,79,292.3463442773438,,243712,261
clarinet,66,292.6463442773438,,243968,261
clarinet,78,292.6463442773438,,243968,261
clarinet,67,292.94634427734377,,244224,261
clarinet,79,292.94634427734377,,244224,261
clarinet,66,293.2463442773438,,244480,261
clarinet,78,293.2463442773438,,244480,261
clarinet,67,293.5463442773438,,244736,243
clarinet,79,293.5463442773438,,244736,243
clarinet,77,293.8463442773438,,244992,743
clarinet,79,293.8463442773438,,244992,743
clarinet,74,294.7463442773438,,245760,231
clarinet,79,294.7463442773438,,245760,231
clarinet,76,295.0463442773438,,246016,231
clarinet,79,295.0463442773438,,246016,231
clarinet,71,295.6463442773438,,246528,231
clarinet,77,295.6463442773438,,246528,231
clarinet,72,296.2463442773438,,247040,231
clarinet,76,296.2463442773438,,247040,231
clarinet,72,296.8463442773438,,247552,231
clarinet,74,296.8463442773438,,247552,231
clarinet,72,297.44634427734377,,248064,231
clarinet,76,297.44634427734377,,248064,231
clarinet,71,298.0463442773438,,248576,231
clarinet,74,298.0463442773438,,248576,231
clarinet,74,298.6463442773438,,249088,973
clarinet,77,298.6463442773438,,249088,973
clarinet,72,299.8463442773438,,250112,231
clarinet,76,299.8463442773438,,250112,231
clarinet,72,300.1463442773438,,250368,231
clarinet,76,300.1463442773438,,250368,231
clarinet,71,300.7463442773438,,250880,231
clarinet,74,300.7463442773438,,250880,231
clarinet,72,301.3463442773438,,251392,231
clarinet,76,301.3463442773438,,251392,231
clarinet,72,301.94634427734377,,251904,231
clarinet,74,301.94634427734377,,251904,231
clarinet,72,302.5463442773438,,252416,231
clarinet,76,302.5463442773438,,252416,231
clarinet,71,303.1463442773438,,252928,231
clarinet,74,303.1463442773438,,252928,231
clarinet,64,303.44634427734377,,253184,116
clarinet,72,303.44634427734377,,253184,116
clarinet,64,303.5963442773438,,253312,116
clarinet,76,303.5963442773438,,253312,116
clarinet,64,303.7463442773438,,253440,116
clarinet,76,303.7463442773438,,253440,116
clarinet,64,303.8963442773438,,253568,116
clarinet,76,303.8963442773438,,253568,116
clarinet,60,304.0463442773438,,253696,116
clarinet,72,304.0463442773438,,253696,116
clarinet,67,304.19634427734377,,253824,116
clarinet,79,304.19634427734377,,253824,116
clarinet,67,304.3463442773438,,253952,116
clarinet,79,304.3463442773438,,253952,116
clarinet,67,304.4963442773438,,254080,116
clarinet,79,304.4963442773438,,254080,116
clarinet,64,304.6463442773438,,254208,116
clarinet,76,304.6463442773438,,254208,116
clarinet,60,304.7963442773438,,254336,116
clarinet,72,304.7963442773438,,254336,116
clarinet,60,304.94634427734377,,254464,116
clarinet,72,304.94634427734377,,254464,116
clarinet,60,305.0963442773438,,254592,116
clarinet,72,305.0963442773438,,254592,116
clarinet,55,305.2463442773438,,254720,628
clarinet,67,305.2463442773438,,254720,628
clarinet,64,305.9963442773438,,255360,116
clarinet,76,305.9963442773438,,255360,116
clarinet,64,306.1463442773438,,255488,116
clarinet,76,306.1463442773438,,255488,116
clarinet,64,306.2963442773438,,255616,116
clarinet,76,306.2963442773438,,255616,116
clarinet,60,306.44634427734377,,255744,116
clarinet,72,306.44634427734377,,255744,116
clarinet,67,306.5963442773438,,255872,116
clarinet,79,306.5963442773438,,255872,116
clarinet,67,306.7463442773438,,256000,116
clarinet,79,306.7463442773438,,256000,116
clarinet,67,306.8963442773438,,256128,116
clarinet,79,306.8963442773438,,256128,116
clarinet,64,307.0463442773438,,256256,116
clarinet,76,307.0463442773438,,256256,116
clarinet,60,307.19634427734377,,256384,116
clarinet,72,307.19634427734377,,256384,116
clarinet,60,307.3463442773438,,256512,116
clarinet,72,307.3463442773438,,256512,116
clarinet,60,307.4963442773438,,256640,116
clarinet,72,307.4963442773438,,256640,116
clarinet,55,307.6463442773438,,256768,116
clarinet,67,307.6463442773438,,256768,116
clarinet,67,307.7963442773438,,256896,116
clarinet,71,307.7963442773438,,256896,116
clarinet,67,307.94634427734377,,257024,116
clarinet,71,307.94634427734377,,257024,116
clarinet,67,308.0963442773438,,257152,116
clarinet,71,308.0963442773438,,257152,116
clarinet,67,308.2463442773438,,257280,231
clarinet,72,308.2463442773438,,257280,231
clarinet,67,308.9963442773438,,257920,116
clarinet,71,308.9963442773438,,257920,116
clarinet,67,309.1463442773438,,258048,116
clarinet,71,309.1463442773438,,258048,116
clarinet,67,309.2963442773438,,258176,116
clarinet,71,309.2963442773438,,258176,116
clarinet,67,309.44634427734377,,258304,231
clarinet,72,309.44634427734377,,258304,231
clarinet,71,310.19634427734377,,258944,116
clarinet,74,310.19634427734377,,258944,116
clarinet,71,310.3463442773438,,259072,116
clarinet,74,310.3463442773438,,259072,116
clarinet,71,310.4963442773438,,259200,116
clarinet,74,310.4963442773438,,259200,116
clarinet,72,310.6463442773438,,259328,116
clarinet,76,310.6463442773438,,259328,116
clarinet,60,310.7963442773438,,259456,116
clarinet,72,310.7963442773438,,259456,116
clarinet,60,310.94634427734377,,259584,116
clarinet,72,310.94634427734377,,259584,116
clarinet,60,311.0963442773438,,259712,116
clarinet,72,311.0963442773438,,259712,116
clarinet,60,311.2463442773438,,259840,628
clarinet,72,311.2463442773438,,259840,628
clarinet,60,311.9963442773438,,260480,116
clarinet,72,311.9963442773438,,260480,116
clarinet,60,312.1463442773438,,260608,116
clarinet,72,312.1463442773438,,260608,116
clarinet,60,312.2963442773438,,260736,116
clarinet,72,312.2963442773438,,260736,116
clarinet,60,312.44634427734377,,260864,628
clarinet,72,312.44634427734377,,260864,628
clarinet,60,313.19634427734377,,261504,116
clarinet,72,313.19634427734377,,261504,116
clarinet,60,313.3463442773438,,261632,116
clarinet,72,313.3463442773438,,261632,116
clarinet,60,313.4963442773438,,261760,116
clarinet,72,313.4963442773438,,261760,116
clarinet,60,313.6463442773438,,261888,628
clarinet,72,313.6463442773438,,261888,628
clarinet,60,314.3963442773438,,262528,116
clarinet,72,314.3963442773438,,262528,116
clarinet,60,314.5463442773438,,262656,116
clarinet,72,314.5463442773438,,262656,116
clarinet,60,314.69634427734377,,262784,116
clarinet,72,314.69634427734377,,262784,116
clarinet,60,314.8463442773438,,262912,461
clarinet,72,314.8463442773438,,262912,461
clarinet,68,315.44634427734377,,263424,1997
clarinet,73,315.44634427734377,,263424,1997
clarinet,68,317.8463442773438,,265472,231
clarinet,73,317.8463442773438,,265472,231
clarinet,65,318.5963442773438,,266112,116
clarinet,65,318.7463442773438,,266240,116
clarinet,65,318.8963442773438,,266368,116
clarinet,68,319.0463442773438,,266496,231
clarinet,69,320.3963442773438,,267648,116
clarinet,72,320.3963442773438,,267648,116
clarinet,69,320.5463442773438,,267776,116
clarinet,72,320.5463442773438,,267776,116
clarinet,69,320.69634427734377,,267904,116
clarinet,72,320.69634427734377,,267904,116
clarinet,69,320.8463442773438,,268032,1997
clarinet,72,320.8463442773438,,268032,1997
clarinet,69,323.2463442773438,,270080,231
clarinet,72,323.2463442773438,,270080,231
clarinet,60,323.9963442773438,,270720,116
clarinet,72,323.9963442773438,,270720,116
clarinet,60,324.1463442773438,,270848,116
clarinet,72,324.1463442773438,,270848,116
clarinet,60,324.2963442773438,,270976,116
clarinet,72,324.2963442773438,,270976,116
clarinet,63,324.44634427734377,,271104,231
clarinet,75,324.44634427734377,,271104,231
clarinet,80,326.8463442773438,,273152,743
clarinet,71,326.8463442773438,,273152,973
clarinet,79,327.7463442773438,,273920,231
clarinet,80,329.2463442773438,,275200,743
clarinet,71,329.2463442773438,,275200,973
clarinet,79,330.1463442773438,,275968,231
clarinet,75,331.6463442773438,,277248,231
clarinet,77,331.94634427734377,,277504,231
clarinet,74,332.2463442773438,,277760,231
clarinet,75,332.5463442773438,,278016,231
clarinet,72,332.8463442773438,,278272,231
clarinet,74,333.1463442773438,,278528,231
clarinet,70,333.44634427734377,,278784,231
clarinet,72,333.7463442773438,,279040,231
clarinet,68,334.0463442773438,,279296,231
clarinet,70,334.3463442773438,,279552,231
clarinet,67,334.6463442773438,,279808,231
clarinet,68,334.94634427734377,,280064,231
clarinet,65,335.2463442773438,,280320,231
clarinet,63,335.5463442773438,,280576,231
clarinet,67,335.5463442773438,,280576,231
clarinet,62,335.8463442773438,,280832,231
clarinet,67,335.8463442773438,,280832,231
clarinet,63,336.1463442773438,,281088,231
clarinet,67,336.1463442773438,,281088,231
clarinet,65,336.44634427734377,,281344,231
clarinet,67,336.44634427734377,,281344,231
clarinet,63,336.7463442773438,,281600,231
clarinet,67,336.7463442773438,,281600,231
clarinet,65,337.0463442773438,,281856,231
clarinet,67,337.0463442773438,,281856,231
clarinet,67,337.3463442773438,,282112,231
clarinet,72,337.3463442773438,,282112,231
clarinet,68,337.6463442773438,,282368,231
clarinet,72,337.6463442773438,,282368,231
clarinet,67,337.94634427734377,,282624,231
clarinet,72,337.94634427734377,,282624,231
clarinet,68,338.2463442773438,,282880,231
clarinet,72,338.2463442773438,,282880,231
clarinet,59,338.5463442773438,,283136,231
clarinet,71,338.5463442773438,,283136,231
clarinet,60,338.8463442773438,,283392,231
clarinet,72,338.8463442773438,,283392,231
clarinet,59,339.1463442773438,,283648,231
clarinet,71,339.1463442773438,,283648,231
clarinet,60,339.44634427734377,,283904,231
clarinet,72,339.44634427734377,,283904,231
clarinet,62,339.7463442773438,,284160,231
clarinet,74,339.7463442773438,,284160,231
clarinet,63,340.0463442773438,,284416,973
clarinet,72,340.0463442773438,,284416,973
clarinet,65,341.2463442773438,,285440,973
clarinet,72,341.2463442773438,,285440,973
clarinet,67,342.44634427734377,,286464,973
clarinet,72,342.44634427734377,,286464,973
clarinet,68,343.6463442773438,,287488,461
clarinet,72,343.6463442773438,,287488,973
clarinet,65,344.2463442773438,,288000,461
clarinet,65,344.8463442773438,,288512,461
clarinet,71,344.8463442773438,,288512,461
clarinet,67,345.44634427734377,,289024,461
clarinet,71,345.44634427734377,,289024,461
clarinet,67,346.0463442773438,,289536,115
clarinet,72,346.0463442773438,,289536,115
clarinet,68,346.6463442773438,,290048,115
clarinet,72,346.6463442773438,,290048,115
clarinet,68,347.2463442773438,,290560,115
clarinet,72,347.2463442773438,,290560,115
clarinet,72,347.8463442773438,,291072,115
clarinet,74,347.8463442773438,,291072,115
clarinet,72,348.44634427734377,,291584,115
clarinet,74,348.44634427734377,,291584,115
clarinet,71,349.0463442773438,,292096,115
clarinet,74,349.0463442773438,,292096,115
clarinet,72,349.6463442773438,,292608,461
clarinet,74,350.2463442773438,,293120,115
clarinet,75,350.5463442773438,,293376,115
clarinet,77,350.8463442773438,,293632,261
clarinet,74,351.1463442773438,,293888,243
clarinet,77,352.6463442773438,,295168,115
clarinet,79,352.94634427734377,,295424,115
clarinet,80,353.2463442773438,,295680,261
clarinet,77,353.5463442773438,,295936,243
clarinet,69,355.0463442773438,,297216,115
clarinet,72,355.0463442773438,,297216,115
clarinet,71,355.3463442773438,,297472,115
clarinet,74,355.3463442773438,,297472,115
clarinet,72,355.6463442773438,,297728,256
clarinet,75,355.6463442773438,,297728,261
clarinet,67,355.94634427734377,,297984,243
clarinet,72,355.94634427734377,,297984,243
clarinet,69,357.44634427734377,,299264,115
clarinet,72,357.44634427734377,,299264,115
clarinet,71,357.7463442773438,,299520,115
clarinet,74,357.7463442773438,,299520,115
clarinet,72,358.0463442773438,,299776,261
clarinet,75,358.0463442773438,,299776,261
clarinet,71,358.3463442773438,,300032,261
clarinet,74,358.3463442773438,,300032,261
clarinet,68,358.6463442773438,,300288,261
clarinet,72,358.6463442773438,,300288,261
clarinet,67,358.94634427734377,,300544,261
clarinet,70,358.94634427734377,,300544,261
clarinet,65,359.2463442773438,,300800,261
clarinet,68,359.2463442773438,,300800,261
clarinet,63,359.5463442773438,,301056,243
clarinet,67,359.5463442773438,,301056,243
clarinet,60,360.44634427734377,,301824,231
clarinet,72,360.44634427734377,,301824,231
clarinet,60,360.7463442773438,,302080,231
clarinet,72,360.7463442773438,,302080,231
clarinet,77,361.0463442773438,,302336,261
clarinet,80,361.0463442773438,,302336,261
clarinet,75,361.3463442773438,,302592,243
clarinet,79,361.3463442773438,,302592,243
clarinet,72,361.94634427734377,,303104,231
clarinet,75,361.94634427734377,,303104,231
clarinet,71,362.5463442773438,,303616,231
clarinet,79,362.5463442773438,,303616,231
clarinet,60,364.6463442773438,,305408,231
clarinet,72,364.6463442773438,,305408,231
clarinet,60,364.94634427734377,,305664,231
clarinet,72,364.94634427734377,,305664,231
clarinet,65,365.84634427734375,,306432,261
clarinet,68,365.84634427734375,,306432,261
clarinet,63,366.1463442773438,,306688,243
clarinet,67,366.1463442773438,,306688,243
clarinet,75,366.7463442773438,,307200,231
clarinet,79,366.7463442773438,,307200,231
clarinet,74,367.34634427734375,,307712,231
clarinet,79,367.34634427734375,,307712,231
clarinet,72,367.6463442773438,,307968,231
clarinet,71,368.3963442773438,,308608,116
clarinet,74,368.3963442773438,,308608,116
clarinet,71,368.5463442773438,,308736,116
clarinet,74,368.5463442773438,,308736,116
clarinet,71,368.69634427734377,,308864,116
clarinet,74,368.69634427734377,,308864,116
clarinet,71,368.84634427734375,,308992,743
clarinet,74,368.84634427734375,,308992,743
clarinet,72,369.7463442773438,,309760,261
clarinet,75,369.7463442773438,,309760,261
clarinet,74,370.0463442773438,,310016,256
clarinet,77,370.0463442773438,,310016,261
clarinet,71,370.34634427734375,,310272,261
clarinet,74,370.34634427734375,,310272,261
clarinet,72,370.6463442773438,,310528,261
clarinet,75,370.6463442773438,,310528,261
clarinet,74,370.94634427734377,,310784,243
clarinet,77,370.94634427734377,,310784,243
clarinet,72,371.2463442773438,,311040,231
clarinet,75,371.2463442773438,,311040,231
clarinet,67,371.9963442773438,,311680,116
clarinet,79,371.9963442773438,,311680,116
clarinet,67,372.1463442773438,,311808,116
clarinet,79,372.1463442773438,,311808,116
clarinet,67,372.2963442773438,,311936,116
clarinet,79,372.2963442773438,,311936,116
clarinet,67,372.44634427734377,,312064,116
clarinet,79,372.44634427734377,,312064,116
clarinet,67,372.59634427734375,,312192,116
clarinet,79,372.59634427734375,,312192,116
clarinet,67,372.7463442773438,,312320,116
clarinet,79,372.7463442773438,,312320,116
clarinet,67,372.8963442773438,,312448,116
clarinet,79,372.8963442773438,,312448,116
clarinet,67,373.0463442773438,,312576,116
clarinet,79,373.0463442773438,,312576,116
clarinet,67,373.19634427734377,,312704,116
clarinet,79,373.19634427734377,,312704,116
clarinet,67,373.3463442773438,,312832,116
clarinet,79,373.3463442773438,,312832,116
clarinet,67,373.4963442773438,,312960,116
clarinet,79,373.4963442773438,,312960,116
clarinet,63,373.6463442773438,,313088,768
clarinet,75,373.6463442773438,,313088,768
clarinet,65,375.61301027734385,,313984,116
clarinet,77,375.61301027734385,,313984,116
clarinet,65,375.7796762773438,,314112,116
clarinet,77,375.7796762773438,,314112,116
clarinet,65,375.94634227734383,,314240,116
clarinet,77,375.94634227734383,,314240,116
clarinet,62,376.11300827734385,,314368,1280
clarinet,74,376.11300827734385,,314368,1280
clarinet,68,380.16300827734386,,316416,261
clarinet,67,380.4630082773439,,316672,261
clarinet,75,380.7630082773439,,316928,261
clarinet,72,381.06300827734384,,317184,783
clarinet,68,382.56300827734384,,318464,261
clarinet,67,382.86300827734385,,318720,261
clarinet,75,383.16300827734386,,318976,261
clarinet,72,383.4630082773439,,319232,662
clarinet,71,384.2130082773439,,319872,116
clarinet,74,384.2130082773439,,319872,116
clarinet,71,384.36300827734385,,320000,116
clarinet,74,384.36300827734385,,320000,116
clarinet,71,384.5130082773439,,320128,116
clarinet,74,384.5130082773439,,320128,116
clarinet,72,384.66300827734386,,320256,231
clarinet,75,384.66300827734386,,320256,231
clarinet,71,385.41300827734386,,320896,116
clarinet,74,385.41300827734386,,320896,116
clarinet,71,385.56300827734384,,321024,116
clarinet,74,385.56300827734384,,321024,116
clarinet,71,385.7130082773439,,321152,116
clarinet,74,385.7130082773439,,321152,116
clarinet,72,385.86300827734385,,321280,231
clarinet,75,385.86300827734385,,321280,231
clarinet,71,386.61300827734385,,321920,116
clarinet,74,386.61300827734385,,321920,116
clarinet,71,386.7630082773439,,322048,116
clarinet,74,386.7630082773439,,322048,116
clarinet,71,386.91300827734386,,322176,116
clarinet,74,386.91300827734386,,322176,116
clarinet,72,387.0630082773439,,322304,231
clarinet,75,387.0630082773439,,322304,231
clarinet,71,387.36300827734385,,322560,231
clarinet,74,387.36300827734385,,322560,231
clarinet,72,387.64872127734384,,322816,231
clarinet,75,387.64872127734384,,322816,231
clarinet,71,387.9344342773438,,323072,231
clarinet,74,387.9344342773438,,323072,231
clarinet,72,388.22014727734387,,323328,231
clarinet,75,388.22014727734387,,323328,231
clarinet,71,388.50586027734386,,323584,231
clarinet,74,388.50586027734386,,323584,231
clarinet,72,388.77858727734383,,323840,231
clarinet,75,388.77858727734383,,323840,231
clarinet,71,389.05131427734386,,324096,231
clarinet,74,389.05131427734386,,324096,231
clarinet,72,389.32404127734384,,324352,231
clarinet,75,389.32404127734384,,324352,231
clarinet,71,389.92404127734386,,324864,231
clarinet,74,389.92404127734386,,324864,231
clarinet,72,390.6060901015626,,325376,231
