12,trumpet,55,9344,116,G3,9344,116,0.4330708661417323,14.065188000000001,14.193430078125001
12,trumpet,67,9344,116,G4,9344,116,0.4330708661417323,14.065188000000001,14.193430078125001
12,trumpet,55,9472,116,G3,9472,116,0.5433070866141733,14.215188000000001,14.343430078125001
12,trumpet,67,9472,116,G4,9472,116,0.5433070866141733,14.215188000000001,14.343430078125001
12,trumpet,55,9600,116,G3,9600,116,0.6220472440944882,14.365188,14.493430078125
12,trumpet,67,9600,116,G4,9600,116,0.6220472440944882,14.365188,14.493430078125
12,trumpet,60,9728,231,C4,9728,231,0.8582677165354331,14.515188,14.77056662109375
12,trumpet,72,9728,231,C5,9728,231,0.8582677165354331,14.515188,14.77056662109375
12,trumpet,60,10240,231,C4,10240,231,0.7086614173228346,15.181852000000001,15.43723062109375
12,trumpet,72,10240,231,C5,10240,231,0.7086614173228346,15.181852000000001,15.43723062109375
12,trumpet,55,10752,231,G3,10752,231,0.6771653543307087,15.961072000000001,16.216450621093752
12,trumpet,67,10752,231,G4,10752,231,0.6771653543307087,15.961072000000001,16.216450621093752
12,trumpet,60,22400,231,C4,22400,231,0.7007874015748031,29.693820500000005,29.949199121093756
12,trumpet,72,22400,231,C5,22400,231,0.7007874015748031,29.693820500000005,29.949199121093756
12,trumpet,60,22912,231,C4,22912,231,0.7007874015748031,30.249372500000003,30.504751121093754
12,trumpet,72,22912,231,C5,22912,231,0.7007874015748031,30.249372500000003,30.504751121093754
12,trumpet,60,24704,116,C4,24704,116,0.6614173228346457,32.193804500000006,32.322046578125004
12,trumpet,72,24704,116,C5,24704,116,0.6614173228346457,32.193804500000006,32.322046578125004
12,trumpet,60,24832,116,C4,24832,116,0.7480314960629921,32.33269250000001,32.460934578125006
12,trumpet,72,24832,116,C5,24832,116,0.7480314960629921,32.33269250000001,32.460934578125006
12,trumpet,55,24960,231,G3,24960,231,0.6535433070866141,32.4715805,32.72695912109375
12,trumpet,67,24960,231,G4,24960,231,0.6535433070866141,32.4715805,32.72695912109375
12,trumpet,60,26752,116,C4,26752,116,0.6692913385826772,34.41601250000001,34.544254578125006
12,trumpet,72,26752,116,C5,26752,116,0.6692913385826772,34.41601250000001,34.544254578125006
12,trumpet,60,26880,116,C4,26880,116,0.7716535433070866,34.5549005,34.683142578125
12,trumpet,72,26880,116,C5,26880,116,0.7716535433070866,34.5549005,34.683142578125
12,trumpet,60,27008,1997,C4,27008,1997,0.8661417322834646,34.693788500000004,39.0378123125
12,trumpet,72,27008,1997,C5,27008,1997,0.8661417322834646,34.693788500000004,39.0378123125
12,trumpet,60,29056,231,C4,29056,231,0.8976377952755905,36.915996500000006,37.17137512109375
12,trumpet,72,29056,231,C5,29056,231,0.8976377952755905,36.915996500000006,37.17137512109375
12,trumpet,77,48512,743,F5,48512,743,0.7559055118110236,59.170842500000006,60.63922025000001
12,trumpet,55,50560,231,G3,50560,231,0.6929133858267716,61.523778500000006,61.77915712109375
12,trumpet,67,50560,231,G4,50560,231,0.6929133858267716,61.523778500000006,61.77915712109375
12,trumpet,60,51072,231,C4,51072,231,0.6929133858267716,62.112012500000006,62.36739112109375
12,trumpet,72,51072,231,C5,51072,231,0.6929133858267716,62.112012500000006,62.36739112109375
12,trumpet,77,52608,973,F5,52608,973,0.8267716535433071,63.876714500000006,66.24352975000001
12,trumpet,79,53632,231,G5,53632,231,0.937007874015748,65.0531825,65.30856112109376
12,trumpet,67,53888,231,G4,53888,231,0.9212598425196851,65.3472995,65.60267812109376
12,trumpet,79,53888,231,G5,53888,231,0.9212598425196851,65.3472995,65.60267812109376
12,trumpet,55,54912,231,G3,54912,231,0.7716535433070866,66.5237675,66.77914612109376
12,trumpet,67,54912,231,G4,54912,231,0.7716535433070866,66.5237675,66.77914612109376
12,trumpet,60,55424,231,C4,55424,231,0.7874015748031497,67.11200150000002,67.36738012109377
12,trumpet,72,55424,231,C5,55424,231,0.7874015748031497,67.11200150000002,67.36738012109377
12,trumpet,55,73728,116,G3,73728,116,0.4330708661417323,91.38446450000002,91.51270657812502
12,trumpet,67,73728,116,G4,73728,116,0.4330708661417323,91.38446450000002,91.51270657812502
12,trumpet,55,73856,116,G3,73856,116,0.5118110236220472,91.53446450000001,91.66270657812501
12,trumpet,67,73856,116,G4,73856,116,0.5118110236220472,91.53446450000001,91.66270657812501
12,trumpet,55,73984,116,G3,73984,116,0.5826771653543307,91.68446450000002,91.81270657812502
12,trumpet,67,73984,116,G4,73984,116,0.5826771653543307,91.68446450000002,91.81270657812502
12,trumpet,60,74112,231,C4,74112,231,0.8346456692913385,91.83446450000001,92.08984312109376
12,trumpet,72,74112,231,C5,74112,231,0.8346456692913385,91.83446450000001,92.08984312109376
12,trumpet,60,74624,231,C4,74624,231,0.6929133858267716,92.50112850000001,92.75650712109376
12,trumpet,72,74624,231,C5,74624,231,0.6929133858267716,92.50112850000001,92.75650712109376
12,trumpet,55,75136,231,G3,75136,231,0.7007874015748031,93.2803485,93.53572712109376
12,trumpet,67,75136,231,G4,75136,231,0.7007874015748031,93.2803485,93.53572712109376
12,trumpet,60,86784,231,C4,86784,231,0.6535433070866141,107.013097,107.26847562109376
12,trumpet,72,86784,231,C5,86784,231,0.6535433070866141,107.013097,107.26847562109376
12,trumpet,60,87296,231,C4,87296,231,0.7165354330708661,107.568649,107.82402762109375
12,trumpet,72,87296,231,C5,87296,231,0.7165354330708661,107.568649,107.82402762109375
12,trumpet,60,89088,116,C4,89088,116,0.6850393700787402,109.513081,109.641323078125
12,trumpet,72,89088,116,C5,89088,116,0.6850393700787402,109.513081,109.641323078125
12,trumpet,60,89216,116,C4,89216,116,0.7480314960629921,109.651969,109.78021107812499
12,trumpet,72,89216,116,C5,89216,116,0.7480314960629921,109.651969,109.78021107812499
12,trumpet,55,89344,231,G3,89344,231,0.6456692913385826,109.790857,110.04623562109376
12,trumpet,67,89344,231,G4,89344,231,0.6456692913385826,109.790857,110.04623562109376
12,trumpet,60,91136,116,C4,91136,116,0.6850393700787402,111.735289,111.86353107812499
12,trumpet,72,91136,116,C5,91136,116,0.6850393700787402,111.735289,111.86353107812499
12,trumpet,60,91264,116,C4,91264,116,0.7244094488188977,111.874177,112.002419078125
12,trumpet,72,91264,116,C5,91264,116,0.7244094488188977,111.874177,112.002419078125
12,trumpet,60,91392,1997,C4,91392,1997,0.8818897637795275,112.013065,116.3570888125
12,trumpet,72,91392,1997,C5,91392,1997,0.8818897637795275,112.013065,116.3570888125
12,trumpet,60,93440,231,C4,93440,231,0.889763779527559,114.235273,114.49065162109376
12,trumpet,72,93440,231,C5,93440,231,0.889763779527559,114.235273,114.49065162109376
12,trumpet,77,112896,743,F5,112896,743,0.7559055118110236,136.490119,137.95849675
12,trumpet,55,114944,231,G3,114944,231,0.6929133858267716,138.843055,139.09843362109373
12,trumpet,67,114944,231,G4,114944,231,0.6929133858267716,138.843055,139.09843362109373
12,trumpet,60,115456,231,C4,115456,231,0.6614173228346457,139.431289,139.68666762109373
12,trumpet,72,115456,231,C5,115456,231,0.6614173228346457,139.431289,139.68666762109373
12,trumpet,77,116992,973,F5,116992,973,0.8031496062992126,141.195991,143.56280625
12,trumpet,79,118016,231,G5,118016,231,0.9448818897637795,142.372459,142.62783762109373
12,trumpet,67,118272,231,G4,118272,231,0.9133858267716536,142.666576,142.92195462109373
12,trumpet,79,118272,231,G5,118272,231,0.9133858267716536,142.666576,142.92195462109373
12,trumpet,55,119296,231,G3,119296,231,0.8188976377952756,143.843044,144.09842262109373
12,trumpet,67,119296,231,G4,119296,231,0.8188976377952756,143.843044,144.09842262109373
12,trumpet,60,119808,231,C4,119808,231,0.7795275590551181,144.431278,144.68665662109373
12,trumpet,72,119808,231,C5,119808,231,0.7795275590551181,144.431278,144.68665662109373
12,trumpet,55,145920,231,G3,145920,231,0.31496062992125984,173.510389,173.76576762109374
12,trumpet,67,145920,231,G4,145920,231,0.31496062992125984,173.510389,173.76576762109374
12,trumpet,60,146944,231,C4,146944,231,0.4015748031496063,174.631877,174.88725562109374
12,trumpet,60,147968,231,C4,147968,231,0.3464566929133858,175.753365,176.00874362109374
12,trumpet,55,148992,231,G3,148992,231,0.3779527559055118,176.874853,177.13023162109374
12,trumpet,67,148992,231,G4,148992,231,0.3779527559055118,176.874853,177.13023162109374
12,trumpet,55,150016,231,G3,150016,231,0.3543307086614173,177.996341,178.25171962109374
12,trumpet,67,150016,231,G4,150016,231,0.3543307086614173,177.996341,178.25171962109374
12,trumpet,60,151040,973,C4,151040,973,0.7086614173228346,179.11782900000003,181.48464425000003
12,trumpet,72,151040,973,C5,151040,973,0.7086614173228346,179.11782900000003,181.48464425000003
12,trumpet,60,152064,231,C4,152064,231,0.7874015748031497,180.23931700000003,180.49469562109377
12,trumpet,72,152064,231,C5,152064,231,0.7874015748031497,180.23931700000003,180.49469562109377
12,trumpet,64,152704,116,E4,152704,116,0.6614173228346457,180.940247,181.068489078125
12,trumpet,76,152704,116,E5,152704,116,0.6614173228346457,180.940247,181.068489078125
12,trumpet,64,152832,116,E4,152832,116,0.7637795275590551,181.08043300000003,181.20867507812503
12,trumpet,76,152832,116,E5,152832,116,0.7637795275590551,181.08043300000003,181.20867507812503
12,trumpet,64,152960,116,E4,152960,116,0.7952755905511811,181.220619,181.348861078125
12,trumpet,76,152960,116,E5,152960,116,0.7952755905511811,181.220619,181.348861078125
12,trumpet,64,153088,973,E4,153088,973,0.7874015748031497,181.36080500000003,183.72762025000003
12,trumpet,76,153088,973,E5,153088,973,0.7874015748031497,181.36080500000003,183.72762025000003
12,trumpet,64,154112,231,E4,154112,231,0.7952755905511811,182.48229300000003,182.73767162109377
12,trumpet,76,154112,231,E5,154112,231,0.7952755905511811,182.48229300000003,182.73767162109377
12,trumpet,67,154752,116,G4,154752,116,0.7795275590551181,183.183223,183.311465078125
12,trumpet,79,154752,116,G5,154752,116,0.7795275590551181,183.183223,183.311465078125
12,trumpet,67,154880,116,G4,154880,116,0.7952755905511811,183.32340900000003,183.45165107812502
12,trumpet,79,154880,116,G5,154880,116,0.7952755905511811,183.32340900000003,183.45165107812502
12,trumpet,67,155008,116,G4,155008,116,0.8582677165354331,183.463595,183.591837078125
12,trumpet,79,155008,116,G5,155008,116,0.8582677165354331,183.463595,183.591837078125
12,trumpet,67,155136,231,G4,155136,231,0.84251968503937,183.60378100000003,183.85915962109377
12,trumpet,79,155136,231,G5,155136,231,0.84251968503937,183.60378100000003,183.85915962109377
12,trumpet,67,155904,116,G4,155904,116,0.7322834645669292,184.44489700000003,184.57313907812502
12,trumpet,79,155904,116,G5,155904,116,0.7322834645669292,184.44489700000003,184.57313907812502
12,trumpet,67,156032,116,G4,156032,116,0.8267716535433071,184.58508300000003,184.71332507812502
12,trumpet,79,156032,116,G5,156032,116,0.8267716535433071,184.58508300000003,184.71332507812502
12,trumpet,67,156160,231,G4,156160,231,0.8188976377952756,184.72526900000003,184.98064762109377
12,trumpet,79,156160,231,G5,156160,231,0.8188976377952756,184.72526900000003,184.98064762109377
12,trumpet,74,156672,231,D5,156672,231,0.7165354330708661,185.28601300000003,185.54139162109377
12,trumpet,60,158464,116,C4,158464,116,0.7086614173228346,187.24861700000002,187.37685907812502
12,trumpet,60,158592,116,C4,158592,116,0.7637795275590551,187.38880300000002,187.51704507812502
12,trumpet,60,158720,231,C4,158720,231,0.7401574803149606,187.52898900000002,187.78436762109376
12,trumpet,74,160512,116,D5,160512,116,0.7244094488188977,189.49159300000002,189.61983507812502
12,trumpet,74,160640,116,D5,160640,116,0.7322834645669292,189.63177900000002,189.76002107812502
12,trumpet,67,160768,231,G4,160768,231,0.7874015748031497,189.77196500000002,190.02734362109376
12,trumpet,74,160768,231,D5,160768,231,0.7874015748031497,189.77196500000002,190.02734362109376
12,trumpet,55,164608,116,G3,164608,116,0.7322834645669292,193.97754500000002,194.10578707812502
12,trumpet,67,164608,116,G4,164608,116,0.7322834645669292,193.97754500000002,194.10578707812502
12,trumpet,55,164736,116,G3,164736,116,0.7637795275590551,194.11773100000002,194.24597307812502
12,trumpet,67,164736,116,G4,164736,116,0.7637795275590551,194.11773100000002,194.24597307812502
12,trumpet,60,164864,231,C4,164864,231,0.905511811023622,194.25791700000002,194.51329562109376
12,trumpet,72,164864,231,C5,164864,231,0.905511811023622,194.25791700000002,194.51329562109376
12,trumpet,60,165376,461,C4,165376,461,0.6614173228346457,194.81866100000002,195.32831270703127
12,trumpet,60,165888,461,C4,165888,461,0.7637795275590551,195.37940500000002,195.88905670703127
12,trumpet,60,167424,461,C4,167424,461,0.7874015748031497,197.06163700000002,197.57128870703127
12,trumpet,60,167936,461,C4,167936,461,0.7480314960629921,197.62238100000002,198.13203270703127
12,trumpet,74,181888,116,D5,181888,116,0.7559055118110236,212.902655,213.030897078125
12,trumpet,74,182016,116,D5,182016,116,0.8818897637795275,213.042841,213.171083078125
12,trumpet,74,182144,116,D5,182144,116,0.8976377952755905,213.183027,213.311269078125
12,trumpet,74,182272,461,D5,182272,461,0.8818897637795275,213.323213,213.83286470703126
12,trumpet,74,182784,461,D5,182784,461,0.9212598425196851,213.883957,214.39360870703126
12,trumpet,74,183296,973,D5,183296,973,0.8740157480314961,214.444701,216.81151625
12,trumpet,67,192128,116,G4,192128,116,0.7952755905511811,224.18835100000004,224.31659307812504
12,trumpet,79,192128,116,G5,192128,116,0.7952755905511811,224.18835100000004,224.31659307812504
12,trumpet,67,192256,116,G4,192256,116,0.8818897637795275,224.35501700000003,224.48325907812503
12,trumpet,79,192256,116,G5,192256,116,0.8818897637795275,224.35501700000003,224.48325907812503
12,trumpet,67,192384,116,G4,192384,116,0.8740157480314961,224.52168300000005,224.64992507812505
12,trumpet,79,192384,116,G5,192384,116,0.8740157480314961,224.52168300000005,224.64992507812505
12,trumpet,67,192512,768,G4,192512,768,0.8818897637795275,224.68834900000004,226.25438300000005
12,trumpet,79,192512,768,G5,192512,768,0.8818897637795275,224.68834900000004,226.25438300000005
12,trumpet,67,193408,116,G4,193408,116,0.7952755905511811,226.68834900000004,226.81659107812504
12,trumpet,79,193408,116,G5,193408,116,0.7952755905511811,226.68834900000004,226.81659107812504
12,trumpet,67,193536,116,G4,193536,116,0.9212598425196851,226.88834900000006,227.01659107812506
12,trumpet,79,193536,116,G5,193536,116,0.9212598425196851,226.88834900000006,227.01659107812506
12,trumpet,67,193664,116,G4,193664,116,0.8818897637795275,227.08834900000005,227.21659107812505
12,trumpet,79,193664,116,G5,193664,116,0.8818897637795275,227.08834900000005,227.21659107812505
12,trumpet,67,193792,1280,G4,193792,1280,0.905511811023622,227.28834900000007,230.85438300000007
12,trumpet,79,193792,1280,G5,193792,1280,0.905511811023622,227.28834900000007,230.85438300000007
12,trumpet,60,202240,231,C4,202240,231,0.3858267716535433,238.29731178125004,238.55269040234379
12,trumpet,72,202240,231,C5,202240,231,0.3858267716535433,238.29731178125004,238.55269040234379
12,trumpet,55,202752,231,G3,202752,231,0.7086614173228346,239.00348721484377,239.2588658359375
12,trumpet,67,202752,231,G4,202752,231,0.7086614173228346,239.00348721484377,239.2588658359375
12,trumpet,60,210176,231,C4,210176,231,0.6771653543307087,253.0463442773438,253.30172289843753
12,trumpet,72,210176,231,C5,210176,231,0.6771653543307087,253.0463442773438,253.30172289843753
12,trumpet,60,211200,231,C4,211200,231,0.7007874015748031,254.24634427734378,254.50172289843752
12,trumpet,72,211200,231,C5,211200,231,0.7007874015748031,254.24634427734378,254.50172289843752
12,trumpet,60,214784,231,C4,214784,231,0.6850393700787402,258.44634427734377,258.70172289843754
12,trumpet,72,214784,231,C5,214784,231,0.6850393700787402,258.44634427734377,258.70172289843754
12,trumpet,60,215296,231,C4,215296,231,0.6929133858267716,259.0463442773438,259.30172289843756
12,trumpet,72,215296,231,C5,215296,231,0.6929133858267716,259.0463442773438,259.30172289843756
12,trumpet,60,217088,116,C4,217088,116,0.7165354330708661,261.1463442773438,261.27458635546884
12,trumpet,72,217088,116,C5,217088,116,0.7165354330708661,261.1463442773438,261.27458635546884
12,trumpet,60,217216,116,C4,217216,116,0.7322834645669292,261.2963442773438,261.4245863554688
12,trumpet,72,217216,116,C5,217216,116,0.7322834645669292,261.2963442773438,261.4245863554688
12,trumpet,55,217344,231,G3,217344,231,0.6614173228346457,261.44634427734377,261.70172289843754
12,trumpet,67,217344,231,G4,217344,231,0.6614173228346457,261.44634427734377,261.70172289843754
12,trumpet,60,219136,116,C4,219136,116,0.7086614173228346,263.5463442773438,263.6745863554688
12,trumpet,72,219136,116,C5,219136,116,0.7086614173228346,263.5463442773438,263.6745863554688
12,trumpet,60,219264,116,C4,219264,116,0.7480314960629921,263.69634427734377,263.8245863554688
12,trumpet,72,219264,116,C5,219264,116,0.7480314960629921,263.69634427734377,263.8245863554688
12,trumpet,60,219392,1997,C4,219392,1997,0.9448818897637795,263.8463442773438,268.1903680898438
12,trumpet,72,219392,1997,C5,219392,1997,0.9448818897637795,263.8463442773438,268.1903680898438
12,trumpet,60,221440,231,C4,221440,231,0.8740157480314961,266.2463442773438,266.50172289843755
12,trumpet,72,221440,231,C5,221440,231,0.8740157480314961,266.2463442773438,266.50172289843755
12,trumpet,55,222464,231,G3,222464,231,0.8031496062992126,267.44634427734377,267.70172289843754
12,trumpet,67,222464,231,G4,222464,231,0.8031496062992126,267.44634427734377,267.70172289843754
12,trumpet,67,244992,743,G4,244992,743,0.8110236220472441,293.8463442773438,295.3147220273438
12,trumpet,74,244992,743,D5,244992,743,0.8110236220472441,293.8463442773438,295.3147220273438
12,trumpet,67,245760,231,G4,245760,231,0.9448818897637795,294.7463442773438,295.00172289843755
12,trumpet,74,245760,231,D5,245760,231,0.9448818897637795,294.7463442773438,295.00172289843755
12,trumpet,64,246016,231,E4,246016,231,0.8110236220472441,295.0463442773438,295.30172289843756
12,trumpet,72,246016,231,C5,246016,231,0.8110236220472441,295.0463442773438,295.30172289843756
12,trumpet,55,246528,231,G3,246528,231,0.7637795275590551,295.6463442773438,295.9017228984376
12,trumpet,67,246528,231,G4,246528,231,0.7637795275590551,295.6463442773438,295.9017228984376
12,trumpet,60,247040,231,C4,247040,231,0.8110236220472441,296.2463442773438,296.50172289843755
12,trumpet,72,247040,231,C5,247040,231,0.8110236220472441,296.2463442773438,296.50172289843755
12,trumpet,60,247552,231,C4,247552,231,0.8031496062992126,296.8463442773438,297.1017228984376
12,trumpet,72,247552,231,C5,247552,231,0.8031496062992126,296.8463442773438,297.1017228984376
12,trumpet,60,248064,231,C4,248064,231,0.8110236220472441,297.44634427734377,297.70172289843754
12,trumpet,72,248064,231,C5,248064,231,0.8110236220472441,297.44634427734377,297.70172289843754
12,trumpet,55,248576,231,G3,248576,231,0.8031496062992126,298.0463442773438,298.30172289843756
12,trumpet,67,248576,231,G4,248576,231,0.8031496062992126,298.0463442773438,298.30172289843756
12,trumpet,67,249088,973,G4,249088,973,0.7795275590551181,298.6463442773438,301.0131595273438
12,trumpet,74,249088,973,D5,249088,973,0.7795275590551181,298.6463442773438,301.0131595273438
12,trumpet,72,250112,231,C5,250112,231,0.9606299212598425,299.8463442773438,300.1017228984376
12,trumpet,76,250112,231,E5,250112,231,0.9606299212598425,299.8463442773438,300.1017228984376
12,trumpet,60,250368,231,C4,250368,231,0.7952755905511811,300.1463442773438,300.4017228984376
12,trumpet,72,250368,231,C5,250368,231,0.7952755905511811,300.1463442773438,300.4017228984376
12,trumpet,55,250880,231,G3,250880,231,0.84251968503937,300.7463442773438,301.00172289843755
12,trumpet,67,250880,231,G4,250880,231,0.84251968503937,300.7463442773438,301.00172289843755
12,trumpet,60,251392,231,C4,251392,231,0.8110236220472441,301.3463442773438,301.6017228984376
12,trumpet,72,251392,231,C5,251392,231,0.8110236220472441,301.3463442773438,301.6017228984376
12,trumpet,60,251904,231,C4,251904,231,0.8188976377952756,301.94634427734377,302.20172289843754
12,trumpet,72,251904,231,C5,251904,231,0.8188976377952756,301.94634427734377,302.20172289843754
12,trumpet,72,252416,231,C5,252416,231,0.8110236220472441,302.5463442773438,302.80172289843756
12,trumpet,76,252416,231,E5,252416,231,0.8110236220472441,302.5463442773438,302.80172289843756
12,trumpet,67,252928,231,G4,252928,231,0.7952755905511811,303.1463442773438,303.4017228984376
12,trumpet,74,252928,231,D5,252928,231,0.7952755905511811,303.1463442773438,303.4017228984376
12,trumpet,64,253184,231,E4,253184,231,0.7874015748031497,303.44634427734377,303.70172289843754
12,trumpet,72,253184,231,C5,253184,231,0.7874015748031497,303.44634427734377,303.70172289843754
12,trumpet,55,254848,116,G3,254848,116,0.8031496062992126,305.3963442773438,305.52458635546884
12,trumpet,67,254848,116,G4,254848,116,0.8031496062992126,305.3963442773438,305.52458635546884
12,trumpet,55,254976,116,G3,254976,116,0.8582677165354331,305.5463442773438,305.6745863554688
12,trumpet,67,254976,116,G4,254976,116,0.8582677165354331,305.5463442773438,305.6745863554688
12,trumpet,55,255104,116,G3,255104,116,0.9212598425196851,305.69634427734377,305.8245863554688
12,trumpet,67,255104,116,G4,255104,116,0.9212598425196851,305.69634427734377,305.8245863554688
12,trumpet,60,255232,231,C4,255232,231,1,305.8463442773438,306.1017228984376
12,trumpet,72,255232,231,C5,255232,231,1,305.8463442773438,306.1017228984376
12,trumpet,55,256896,116,G3,256896,116,0.7874015748031497,307.7963442773438,307.9245863554688
12,trumpet,67,256896,116,G4,256896,116,0.7874015748031497,307.7963442773438,307.9245863554688
12,trumpet,55,257024,116,G3,257024,116,0.8661417322834646,307.94634427734377,308.0745863554688
12,trumpet,67,257024,116,G4,257024,116,0.8661417322834646,307.94634427734377,308.0745863554688
12,trumpet,55,257152,116,G3,257152,116,0.8818897637795275,308.0963442773438,308.22458635546883
12,trumpet,67,257152,116,G4,257152,116,0.8818897637795275,308.0963442773438,308.22458635546883
12,trumpet,60,257280,231,C4,257280,231,1,308.2463442773438,308.50172289843755
12,trumpet,72,257280,231,C5,257280,231,1,308.2463442773438,308.50172289843755
12,trumpet,55,257920,116,G3,257920,116,0.84251968503937,308.9963442773438,309.1245863554688
12,trumpet,67,257920,116,G4,257920,116,0.84251968503937,308.9963442773438,309.1245863554688
12,trumpet,55,258048,116,G3,258048,116,0.8818897637795275,309.1463442773438,309.27458635546884
12,trumpet,67,258048,116,G4,258048,116,0.8818897637795275,309.1463442773438,309.27458635546884
12,trumpet,55,258176,116,G3,258176,116,0.8582677165354331,309.2963442773438,309.4245863554688
12,trumpet,67,258176,116,G4,258176,116,0.8582677165354331,309.2963442773438,309.4245863554688
12,trumpet,60,258304,231,C4,258304,231,1,309.44634427734377,309.70172289843754
12,trumpet,72,258304,231,C5,258304,231,1,309.44634427734377,309.70172289843754
12,trumpet,55,258944,116,G3,258944,116,0.84251968503937,310.19634427734377,310.3245863554688
12,trumpet,67,258944,116,G4,258944,116,0.84251968503937,310.19634427734377,310.3245863554688
12,trumpet,55,259072,116,G3,259072,116,0.889763779527559,310.3463442773438,310.47458635546883
12,trumpet,67,259072,116,G4,259072,116,0.889763779527559,310.3463442773438,310.47458635546883
12,trumpet,55,259200,116,G3,259200,116,0.905511811023622,310.4963442773438,310.6245863554688
12,trumpet,67,259200,116,G4,259200,116,0.905511811023622,310.4963442773438,310.6245863554688
12,trumpet,60,259328,116,C4,259328,116,1,310.6463442773438,310.77458635546884
12,trumpet,72,259328,116,C5,259328,116,1,310.6463442773438,310.77458635546884
12,trumpet,60,259456,116,C4,259456,116,0.9606299212598425,310.7963442773438,310.9245863554688
12,trumpet,72,259456,116,C5,259456,116,0.9606299212598425,310.7963442773438,310.9245863554688
12,trumpet,60,259584,116,C4,259584,116,0.8976377952755905,310.94634427734377,311.0745863554688
12,trumpet,72,259584,116,C5,259584,116,0.8976377952755905,310.94634427734377,311.0745863554688
12,trumpet,60,259712,116,C4,259712,116,0.9133858267716536,311.0963442773438,311.22458635546883
12,trumpet,72,259712,116,C5,259712,116,0.9133858267716536,311.0963442773438,311.22458635546883
12,trumpet,60,259840,628,C4,259840,628,0.8818897637795275,311.2463442773438,312.2655032773438
12,trumpet,72,259840,628,C5,259840,628,0.8818897637795275,311.2463442773438,312.2655032773438
12,trumpet,60,260480,116,C4,260480,116,0.889763779527559,311.9963442773438,312.1245863554688
12,trumpet,72,260480,116,C5,260480,116,0.889763779527559,311.9963442773438,312.1245863554688
12,trumpet,60,260608,116,C4,260608,116,0.8740157480314961,312.1463442773438,312.27458635546884
12,trumpet,72,260608,116,C5,260608,116,0.8740157480314961,312.1463442773438,312.27458635546884
12,trumpet,60,260736,116,C4,260736,116,0.8740157480314961,312.2963442773438,312.4245863554688
12,trumpet,72,260736,116,C5,260736,116,0.8740157480314961,312.2963442773438,312.4245863554688
12,trumpet,60,260864,628,C4,260864,628,0.889763779527559,312.44634427734377,313.46550327734377
12,trumpet,72,260864,628,C5,260864,628,0.889763779527559,312.44634427734377,313.46550327734377
12,trumpet,60,261504,116,C4,261504,116,0.905511811023622,313.19634427734377,313.3245863554688
12,trumpet,72,261504,116,C5,261504,116,0.905511811023622,313.19634427734377,313.3245863554688
12,trumpet,60,261632,116,C4,261632,116,0.8740157480314961,313.3463442773438,313.47458635546883
12,trumpet,72,261632,116,C5,261632,116,0.8740157480314961,313.3463442773438,313.47458635546883
12,trumpet,60,261760,116,C4,261760,116,0.8661417322834646,313.4963442773438,313.6245863554688
12,trumpet,72,261760,116,C5,261760,116,0.8661417322834646,313.4963442773438,313.6245863554688
12,trumpet,60,261888,628,C4,261888,628,0.889763779527559,313.6463442773438,314.6655032773438
12,trumpet,72,261888,628,C5,261888,628,0.889763779527559,313.6463442773438,314.6655032773438
12,trumpet,60,262528,116,C4,262528,116,0.905511811023622,314.3963442773438,314.52458635546884
12,trumpet,72,262528,116,C5,262528,116,0.905511811023622,314.3963442773438,314.52458635546884
12,trumpet,60,262656,116,C4,262656,116,0.8976377952755905,314.5463442773438,314.6745863554688
12,trumpet,72,262656,116,C5,262656,116,0.8976377952755905,314.5463442773438,314.6745863554688
12,trumpet,60,262784,116,C4,262784,116,0.8976377952755905,314.69634427734377,314.8245863554688
12,trumpet,72,262784,116,C5,262784,116,0.8976377952755905,314.69634427734377,314.8245863554688
12,trumpet,60,262912,461,C4,262912,461,0.905511811023622,314.8463442773438,315.35599598437506
12,trumpet,72,262912,461,C5,262912,461,0.905511811023622,314.8463442773438,315.35599598437506
12,trumpet,60,267648,116,C4,267648,116,0.8346456692913385,320.3963442773438,320.52458635546884
12,trumpet,72,267648,116,C5,267648,116,0.8346456692913385,320.3963442773438,320.52458635546884
12,trumpet,60,267776,116,C4,267776,116,0.8818897637795275,320.5463442773438,320.6745863554688
12,trumpet,72,267776,116,C5,267776,116,0.8818897637795275,320.5463442773438,320.6745863554688
12,trumpet,60,267904,116,C4,267904,116,0.8818897637795275,320.69634427734377,320.8245863554688
12,trumpet,72,267904,116,C5,267904,116,0.8818897637795275,320.69634427734377,320.8245863554688
12,trumpet,60,268032,1997,C4,268032,1997,0.8661417322834646,320.8463442773438,325.1903680898438
12,trumpet,72,268032,1997,C5,268032,1997,0.8661417322834646,320.8463442773438,325.1903680898438
12,trumpet,60,270080,231,C4,270080,231,0.8818897637795275,323.2463442773438,323.50172289843755
12,trumpet,72,270080,231,C5,270080,231,0.8818897637795275,323.2463442773438,323.50172289843755
12,trumpet,60,270720,116,C4,270720,116,0.8110236220472441,323.9963442773438,324.1245863554688
12,trumpet,72,270720,116,C5,270720,116,0.8110236220472441,323.9963442773438,324.1245863554688
12,trumpet,60,270848,116,C4,270848,116,0.889763779527559,324.1463442773438,324.27458635546884
12,trumpet,72,270848,116,C5,270848,116,0.889763779527559,324.1463442773438,324.27458635546884
12,trumpet,60,270976,116,C4,270976,116,0.889763779527559,324.2963442773438,324.4245863554688
12,trumpet,72,270976,116,C5,270976,116,0.889763779527559,324.2963442773438,324.4245863554688
12,trumpet,60,271104,231,C4,271104,231,0.9133858267716536,324.44634427734377,324.70172289843754
12,trumpet,72,271104,231,C5,271104,231,0.9133858267716536,324.44634427734377,324.70172289843754
12,trumpet,55,272128,231,G3,272128,231,0.6929133858267716,325.6463442773438,325.9017228984376
12,trumpet,67,272128,231,G4,272128,231,0.6929133858267716,325.6463442773438,325.9017228984376
12,trumpet,55,274176,231,G3,274176,231,0.6771653543307087,328.0463442773438,328.30172289843756
12,trumpet,67,274176,231,G4,274176,231,0.6771653543307087,328.0463442773438,328.30172289843756
12,trumpet,55,280576,231,G3,280576,231,0.7007874015748031,335.5463442773438,335.80172289843756
12,trumpet,67,280576,231,G4,280576,231,0.7007874015748031,335.5463442773438,335.80172289843756
12,trumpet,55,280832,231,G3,280832,231,0.7559055118110236,335.8463442773438,336.1017228984376
12,trumpet,67,280832,231,G4,280832,231,0.7559055118110236,335.8463442773438,336.1017228984376
12,trumpet,55,281088,231,G3,281088,231,0.7244094488188977,336.1463442773438,336.4017228984376
12,trumpet,67,281088,231,G4,281088,231,0.7244094488188977,336.1463442773438,336.4017228984376
12,trumpet,55,281344,231,G3,281344,231,0.7637795275590551,336.44634427734377,336.70172289843754
12,trumpet,67,281344,231,G4,281344,231,0.7637795275590551,336.44634427734377,336.70172289843754
12,trumpet,55,281600,231,G3,281600,231,0.7716535433070866,336.7463442773438,337.00172289843755
12,trumpet,67,281600,231,G4,281600,231,0.7716535433070866,336.7463442773438,337.00172289843755
12,trumpet,55,281856,231,G3,281856,231,0.8031496062992126,337.0463442773438,337.30172289843756
12,trumpet,67,281856,231,G4,281856,231,0.8031496062992126,337.0463442773438,337.30172289843756
12,trumpet,60,282112,231,C4,282112,231,0.905511811023622,337.3463442773438,337.6017228984376
12,trumpet,72,282112,231,C5,282112,231,0.905511811023622,337.3463442773438,337.6017228984376
12,trumpet,60,282368,231,C4,282368,231,0.7716535433070866,337.6463442773438,337.9017228984376
12,trumpet,72,282368,231,C5,282368,231,0.7716535433070866,337.6463442773438,337.9017228984376
12,trumpet,60,282624,231,C4,282624,231,0.7637795275590551,337.94634427734377,338.20172289843754
12,trumpet,72,282624,231,C5,282624,231,0.7637795275590551,337.94634427734377,338.20172289843754
12,trumpet,60,282880,231,C4,282880,231,0.7952755905511811,338.2463442773438,338.50172289843755
12,trumpet,72,282880,231,C5,282880,231,0.7952755905511811,338.2463442773438,338.50172289843755
12,trumpet,55,283136,231,G3,283136,231,0.6771653543307087,338.5463442773438,338.80172289843756
12,trumpet,67,283136,231,G4,283136,231,0.6771653543307087,338.5463442773438,338.80172289843756
12,trumpet,55,283392,231,G3,283392,231,0.7322834645669292,338.8463442773438,339.1017228984376
12,trumpet,67,283392,231,G4,283392,231,0.7322834645669292,338.8463442773438,339.1017228984376
12,trumpet,55,283648,231,G3,283648,231,0.7559055118110236,339.1463442773438,339.4017228984376
12,trumpet,67,283648,231,G4,283648,231,0.7559055118110236,339.1463442773438,339.4017228984376
12,trumpet,55,283904,231,G3,283904,231,0.8031496062992126,339.44634427734377,339.70172289843754
12,trumpet,67,283904,231,G4,283904,231,0.8031496062992126,339.44634427734377,339.70172289843754
12,trumpet,55,284160,231,G3,284160,231,0.7952755905511811,339.7463442773438,340.00172289843755
12,trumpet,67,284160,231,G4,284160,231,0.7952755905511811,339.7463442773438,340.00172289843755
12,trumpet,60,284416,973,C4,284416,973,0.8976377952755905,340.0463442773438,342.4131595273438
12,trumpet,72,284416,973,C5,284416,973,0.8976377952755905,340.0463442773438,342.4131595273438
12,trumpet,60,285440,973,C4,285440,973,0.7480314960629921,341.2463442773438,343.6131595273438
12,trumpet,72,285440,973,C5,285440,973,0.7480314960629921,341.2463442773438,343.6131595273438
12,trumpet,60,286464,973,C4,286464,973,0.7795275590551181,342.44634427734377,344.81315952734377
12,trumpet,72,286464,973,C5,286464,973,0.7795275590551181,342.44634427734377,344.81315952734377
12,trumpet,60,287488,973,C4,287488,973,0.7952755905511811,343.6463442773438,346.0131595273438
12,trumpet,72,287488,973,C5,287488,973,0.7952755905511811,343.6463442773438,346.0131595273438
12,trumpet,55,288512,461,G3,288512,461,0.6771653543307087,344.8463442773438,345.35599598437506
12,trumpet,67,288512,461,G4,288512,461,0.6771653543307087,344.8463442773438,345.35599598437506
12,trumpet,55,289024,461,G3,289024,461,0.7795275590551181,345.44634427734377,345.955995984375
12,trumpet,67,289024,461,G4,289024,461,0.7795275590551181,345.44634427734377,345.955995984375
12,trumpet,60,289536,115,C4,289536,115,0.8818897637795275,346.0463442773438,346.17348082031253
12,trumpet,72,289536,115,C5,289536,115,0.8818897637795275,346.0463442773438,346.17348082031253
12,trumpet,60,290048,115,C4,290048,115,0.7165354330708661,346.6463442773438,346.77348082031256
12,trumpet,72,290048,115,C5,290048,115,0.7165354330708661,346.6463442773438,346.77348082031256
12,trumpet,60,290560,115,C4,290560,115,0.7007874015748031,347.2463442773438,347.3734808203125
12,trumpet,72,290560,115,C5,290560,115,0.7007874015748031,347.2463442773438,347.3734808203125
12,trumpet,60,291072,115,C4,291072,115,0.7322834645669292,347.8463442773438,347.97348082031255
12,trumpet,72,291072,115,C5,291072,115,0.7322834645669292,347.8463442773438,347.97348082031255
12,trumpet,55,291584,115,G3,291584,115,0.7007874015748031,348.44634427734377,348.5734808203125
12,trumpet,67,291584,115,G4,291584,115,0.7007874015748031,348.44634427734377,348.5734808203125
12,trumpet,55,292096,115,G3,292096,115,0.7244094488188977,349.0463442773438,349.17348082031253
12,trumpet,67,292096,115,G4,292096,115,0.7244094488188977,349.0463442773438,349.17348082031253
12,trumpet,60,292608,461,C4,292608,461,0.7244094488188977,349.6463442773438,350.15599598437507
12,trumpet,72,292608,461,C5,292608,461,0.7244094488188977,349.6463442773438,350.15599598437507
12,trumpet,60,293120,231,C4,293120,231,0.7637795275590551,350.2463442773438,350.50172289843755
12,trumpet,72,293120,231,C5,293120,231,0.7637795275590551,350.2463442773438,350.50172289843755
12,trumpet,60,293376,231,C4,293376,231,0.7637795275590551,350.5463442773438,350.80172289843756
12,trumpet,72,293376,231,C5,293376,231,0.7637795275590551,350.5463442773438,350.80172289843756
12,trumpet,60,293632,461,C4,293632,461,0.7795275590551181,350.8463442773438,351.35599598437506
12,trumpet,72,293632,461,C5,293632,461,0.7795275590551181,350.8463442773438,351.35599598437506
12,trumpet,60,294144,231,C4,294144,231,0.7559055118110236,351.44634427734377,351.70172289843754
12,trumpet,72,294144,231,C5,294144,231,0.7559055118110236,351.44634427734377,351.70172289843754
12,trumpet,60,294400,231,C4,294400,231,0.7795275590551181,351.7463442773438,352.00172289843755
12,trumpet,72,294400,231,C5,294400,231,0.7795275590551181,351.7463442773438,352.00172289843755
12,trumpet,60,294656,461,C4,294656,461,0.7874015748031497,352.0463442773438,352.55599598437504
12,trumpet,72,294656,461,C5,294656,461,0.7874015748031497,352.0463442773438,352.55599598437504
12,trumpet,60,295168,231,C4,295168,231,0.7401574803149606,352.6463442773438,352.9017228984376
12,trumpet,72,295168,231,C5,295168,231,0.7401574803149606,352.6463442773438,352.9017228984376
12,trumpet,60,295424,231,C4,295424,231,0.7401574803149606,352.94634427734377,353.20172289843754
12,trumpet,72,295424,231,C5,295424,231,0.7401574803149606,352.94634427734377,353.20172289843754
12,trumpet,60,295680,461,C4,295680,461,0.7795275590551181,353.2463442773438,353.75599598437503
12,trumpet,72,295680,461,C5,295680,461,0.7795275590551181,353.2463442773438,353.75599598437503
12,trumpet,55,296192,231,G3,296192,231,0.6456692913385826,353.8463442773438,354.1017228984376
12,trumpet,67,296192,231,G4,296192,231,0.6456692913385826,353.8463442773438,354.1017228984376
12,trumpet,55,296448,231,G3,296448,231,0.7322834645669292,354.1463442773438,354.4017228984376
12,trumpet,67,296448,231,G4,296448,231,0.7322834645669292,354.1463442773438,354.4017228984376
12,trumpet,55,296704,461,G3,296704,461,0.7795275590551181,354.44634427734377,354.955995984375
12,trumpet,67,296704,461,G4,296704,461,0.7795275590551181,354.44634427734377,354.955995984375
12,trumpet,55,297216,231,G3,297216,231,0.7165354330708661,355.0463442773438,355.30172289843756
12,trumpet,67,297216,231,G4,297216,231,0.7165354330708661,355.0463442773438,355.30172289843756
12,trumpet,55,297472,231,G3,297472,231,0.7874015748031497,355.3463442773438,355.6017228984376
12,trumpet,67,297472,231,G4,297472,231,0.7874015748031497,355.3463442773438,355.6017228984376
12,trumpet,55,297728,461,G3,297728,461,0.7716535433070866,355.6463442773438,356.15599598437507
12,trumpet,67,297728,461,G4,297728,461,0.7716535433070866,355.6463442773438,356.15599598437507
12,trumpet,55,298240,231,G3,298240,231,0.7637795275590551,356.2463442773438,356.50172289843755
12,trumpet,67,298240,231,G4,298240,231,0.7637795275590551,356.2463442773438,356.50172289843755
12,trumpet,55,298496,231,G3,298496,231,0.8110236220472441,356.5463442773438,356.80172289843756
12,trumpet,67,298496,231,G4,298496,231,0.8110236220472441,356.5463442773438,356.80172289843756
12,trumpet,55,298752,461,G3,298752,461,0.7637795275590551,356.8463442773438,357.35599598437506
12,trumpet,67,298752,461,G4,298752,461,0.7637795275590551,356.8463442773438,357.35599598437506
12,trumpet,55,299264,231,G3,299264,231,0.7559055118110236,357.44634427734377,357.70172289843754
12,trumpet,67,299264,231,G4,299264,231,0.7559055118110236,357.44634427734377,357.70172289843754
12,trumpet,55,299520,231,G3,299520,231,0.7559055118110236,357.7463442773438,358.00172289843755
12,trumpet,67,299520,231,G4,299520,231,0.7559055118110236,357.7463442773438,358.00172289843755
12,trumpet,60,299776,231,C4,299776,231,0.7637795275590551,358.0463442773438,358.30172289843756
12,trumpet,67,299776,231,G4,299776,231,0.7637795275590551,358.0463442773438,358.30172289843756
12,trumpet,60,301312,231,C4,301312,231,0.6850393700787402,359.8463442773438,360.1017228984376
12,trumpet,72,301312,231,C5,301312,231,0.6850393700787402,359.8463442773438,360.1017228984376
12,trumpet,60,301568,231,C4,301568,231,0.7244094488188977,360.1463442773438,360.4017228984376
12,trumpet,72,301568,231,C5,301568,231,0.7244094488188977,360.1463442773438,360.4017228984376
12,trumpet,60,302336,231,C4,302336,231,0.7559055118110236,361.0463442773438,361.30172289843756
12,trumpet,72,302336,231,C5,302336,231,0.7559055118110236,361.0463442773438,361.30172289843756
12,trumpet,60,302592,231,C4,302592,231,0.7874015748031497,361.3463442773438,361.6017228984376
12,trumpet,72,302592,231,C5,302592,231,0.7874015748031497,361.3463442773438,361.6017228984376
12,trumpet,55,303104,231,G3,303104,231,0.7007874015748031,361.94634427734377,362.20172289843754
12,trumpet,67,303104,231,G4,303104,231,0.7007874015748031,361.94634427734377,362.20172289843754
12,trumpet,55,303616,231,G3,303616,231,0.6929133858267716,362.5463442773438,362.80172289843756
12,trumpet,67,303616,231,G4,303616,231,0.6929133858267716,362.5463442773438,362.80172289843756
12,trumpet,60,304896,231,C4,304896,231,0.84251968503937,364.0463442773438,364.30172289843756
12,trumpet,72,304896,231,C5,304896,231,0.84251968503937,364.0463442773438,364.30172289843756
12,trumpet,60,305152,231,C4,305152,231,0.7952755905511811,364.34634427734375,364.6017228984375
12,trumpet,72,305152,231,C5,305152,231,0.7952755905511811,364.34634427734375,364.6017228984375
12,trumpet,60,305408,231,C4,305408,231,0.7559055118110236,364.6463442773438,364.9017228984376
12,trumpet,72,305408,231,C5,305408,231,0.7559055118110236,364.6463442773438,364.9017228984376
12,trumpet,60,305664,231,C4,305664,231,0.7559055118110236,364.94634427734377,365.20172289843754
12,trumpet,72,305664,231,C5,305664,231,0.7559055118110236,364.94634427734377,365.20172289843754
12,trumpet,60,305920,231,C4,305920,231,0.8110236220472441,365.2463442773438,365.50172289843755
12,trumpet,72,305920,231,C5,305920,231,0.8110236220472441,365.2463442773438,365.50172289843755
12,trumpet,60,306176,231,C4,306176,231,0.7716535433070866,365.5463442773438,365.80172289843756
12,trumpet,72,306176,231,C5,306176,231,0.7716535433070866,365.5463442773438,365.80172289843756
12,trumpet,60,306432,231,C4,306432,231,0.7795275590551181,365.84634427734375,366.1017228984375
12,trumpet,72,306432,231,C5,306432,231,0.7795275590551181,365.84634427734375,366.1017228984375
12,trumpet,60,306688,231,C4,306688,231,0.7952755905511811,366.1463442773438,366.4017228984376
12,trumpet,72,306688,231,C5,306688,231,0.7952755905511811,366.1463442773438,366.4017228984376
12,trumpet,55,307200,231,G3,307200,231,0.6771653543307087,366.7463442773438,367.00172289843755
12,trumpet,67,307200,231,G4,307200,231,0.6771653543307087,366.7463442773438,367.00172289843755
12,trumpet,55,307712,231,G3,307712,231,0.7086614173228346,367.34634427734375,367.6017228984375
12,trumpet,67,307712,231,G4,307712,231,0.7086614173228346,367.34634427734375,367.6017228984375
12,trumpet,60,307968,231,C4,307968,231,0.8267716535433071,367.6463442773438,367.9017228984376
12,trumpet,72,307968,231,C5,307968,231,0.8267716535433071,367.6463442773438,367.9017228984376
12,trumpet,55,310656,116,G3,310656,116,0.7007874015748031,370.7963442773438,370.9245863554688
12,trumpet,67,310656,116,G4,310656,116,0.7007874015748031,370.7963442773438,370.9245863554688
12,trumpet,55,310784,116,G3,310784,116,0.7401574803149606,370.94634427734377,371.0745863554688
12,trumpet,67,310784,116,G4,310784,116,0.7401574803149606,370.94634427734377,371.0745863554688
12,trumpet,55,310912,116,G3,310912,116,0.8110236220472441,371.09634427734375,371.2245863554688
12,trumpet,67,310912,116,G4,310912,116,0.8110236220472441,371.09634427734375,371.2245863554688
12,trumpet,60,311040,231,C4,311040,231,0.9212598425196851,371.2463442773438,371.50172289843755
12,trumpet,72,311040,231,C5,311040,231,0.9212598425196851,371.2463442773438,371.50172289843755
12,trumpet,55,312704,116,G3,312704,116,0.7086614173228346,373.19634427734377,373.3245863554688
12,trumpet,67,312704,116,G4,312704,116,0.7086614173228346,373.19634427734377,373.3245863554688
12,trumpet,55,312832,116,G3,312832,116,0.7637795275590551,373.3463442773438,373.47458635546883
12,trumpet,67,312832,116,G4,312832,116,0.7637795275590551,373.3463442773438,373.47458635546883
12,trumpet,55,312960,116,G3,312960,116,0.7165354330708661,373.4963442773438,373.6245863554688
12,trumpet,67,312960,116,G4,312960,116,0.7165354330708661,373.4963442773438,373.6245863554688
12,trumpet,55,313088,768,G3,313088,768,0.889763779527559,373.6463442773438,375.2123782773438
12,trumpet,67,313088,768,G4,313088,768,0.889763779527559,373.6463442773438,375.2123782773438
12,trumpet,55,313984,116,G3,313984,116,0.8110236220472441,375.61301027734385,375.7412523554689
12,trumpet,67,313984,116,G4,313984,116,0.8110236220472441,375.61301027734385,375.7412523554689
12,trumpet,55,314112,116,G3,314112,116,0.8976377952755905,375.7796762773438,375.90791835546884
12,trumpet,67,314112,116,G4,314112,116,0.8976377952755905,375.7796762773438,375.90791835546884
12,trumpet,55,314240,116,G3,314240,116,0.8818897637795275,375.94634227734383,376.07458435546886
12,trumpet,67,314240,116,G4,314240,116,0.8818897637795275,375.94634227734383,376.07458435546886
12,trumpet,55,314368,1280,G3,314368,1280,0.9133858267716536,376.11300827734385,379.67904227734385
12,trumpet,67,314368,1280,G4,314368,1280,0.9133858267716536,376.11300827734385,379.67904227734385
12,trumpet,55,319872,116,G3,319872,116,0.7952755905511811,384.2130082773439,384.3412503554689
12,trumpet,67,319872,116,G4,319872,116,0.7952755905511811,384.2130082773439,384.3412503554689
12,trumpet,55,320000,116,G3,320000,116,0.8818897637795275,384.36300827734385,384.4912503554689
12,trumpet,67,320000,116,G4,320000,116,0.8818897637795275,384.36300827734385,384.4912503554689
12,trumpet,55,320128,116,G3,320128,116,0.8976377952755905,384.5130082773439,384.6412503554689
12,trumpet,67,320128,116,G4,320128,116,0.8976377952755905,384.5130082773439,384.6412503554689
12,trumpet,60,320256,231,C4,320256,231,1,384.66300827734386,384.91838689843763
12,trumpet,72,320256,231,C5,320256,231,1,384.66300827734386,384.91838689843763
12,trumpet,55,320896,116,G3,320896,116,0.8188976377952756,385.41300827734386,385.5412503554689
12,trumpet,67,320896,116,G4,320896,116,0.8188976377952756,385.41300827734386,385.5412503554689
12,trumpet,55,321024,116,G3,321024,116,0.8661417322834646,385.56300827734384,385.69125035546887
12,trumpet,67,321024,116,G4,321024,116,0.8661417322834646,385.56300827734384,385.69125035546887
12,trumpet,55,321152,116,G3,321152,116,0.905511811023622,385.7130082773439,385.8412503554689
12,trumpet,67,321152,116,G4,321152,116,0.905511811023622,385.7130082773439,385.8412503554689
12,trumpet,60,321280,231,C4,321280,231,1,385.86300827734385,386.1183868984376
12,trumpet,72,321280,231,C5,321280,231,1,385.86300827734385,386.1183868984376
12,trumpet,55,321920,116,G3,321920,116,0.8031496062992126,386.61300827734385,386.7412503554689
12,trumpet,67,321920,116,G4,321920,116,0.8031496062992126,386.61300827734385,386.7412503554689
12,trumpet,55,322048,116,G3,322048,116,0.8740157480314961,386.7630082773439,386.8912503554689
12,trumpet,67,322048,116,G4,322048,116,0.8740157480314961,386.7630082773439,386.8912503554689
12,trumpet,55,322176,116,G3,322176,116,0.8818897637795275,386.91300827734386,387.0412503554689
12,trumpet,67,322176,116,G4,322176,116,0.8818897637795275,386.91300827734386,387.0412503554689
12,trumpet,60,322304,231,C4,322304,231,1,387.0630082773439,387.31838689843767
12,trumpet,72,322304,231,C5,322304,231,1,387.0630082773439,387.31838689843767
12,trumpet,55,322560,231,G3,322560,231,0.8188976377952756,387.36300827734385,387.6183868984376
12,trumpet,67,322560,231,G4,322560,231,0.8188976377952756,387.36300827734385,387.6183868984376
12,trumpet,60,322816,231,C4,322816,231,1,387.64872127734384,387.9040998984376
12,trumpet,72,322816,231,C5,322816,231,1,387.64872127734384,387.9040998984376
12,trumpet,55,323072,231,G3,323072,231,0.8031496062992126,387.9344342773438,388.1898128984376
12,trumpet,67,323072,231,G4,323072,231,0.8031496062992126,387.9344342773438,388.1898128984376
12,trumpet,60,323328,231,C4,323328,231,1,388.22014727734387,388.47552589843764
12,trumpet,72,323328,231,C5,323328,231,1,388.22014727734387,388.47552589843764
12,trumpet,55,323584,231,G3,323584,231,0.7795275590551181,388.50586027734386,388.7612388984376
12,trumpet,67,323584,231,G4,323584,231,0.7795275590551181,388.50586027734386,388.7612388984376
12,trumpet,60,323840,231,C4,323840,231,0.984251968503937,388.77858727734383,389.0339658984376
12,trumpet,72,323840,231,C5,323840,231,0.984251968503937,388.77858727734383,389.0339658984376
12,trumpet,55,324096,231,G3,324096,231,0.7637795275590551,389.05131427734386,389.30669289843763
12,trumpet,67,324096,231,G4,324096,231,0.7637795275590551,389.05131427734386,389.30669289843763
12,trumpet,60,324352,231,C4,324352,231,0.9606299212598425,389.32404127734384,389.5794198984376
12,trumpet,72,324352,231,C5,324352,231,0.9606299212598425,389.32404127734384,389.5794198984376
12,trumpet,55,324864,231,G3,324864,231,0.7716535433070866,389.92404127734386,390.17941989843763
12,trumpet,67,324864,231,G4,324864,231,0.7716535433070866,389.92404127734386,390.17941989843763
12,trumpet,60,325376,231,C4,325376,231,0.7952755905511811,390.6060901015626,390.86146872265635
